# units: timestamp; flowId; violationType
20;15;SLA_VIOLATION
20;15;SLA_VIOLATION
20;77;SLA_VIOLATION
20;77;SLA_VIOLATION
20;74;SLA_VIOLATION
20;74;SLA_VIOLATION
20;72;SLA_VIOLATION
20;72;SLA_VIOLATION
20;77;SLA_VIOLATION
20;77;SLA_VIOLATION
20;77;SLA_VIOLATION
20;77;SLA_VIOLATION
20;77;SLA_VIOLATION
20;77;SLA_VIOLATION
20;77;SLA_VIOLATION
20;77;SLA_VIOLATION
20;77;SLA_VIOLATION
20;77;SLA_VIOLATION
20;77;SLA_VIOLATION
20;77;SLA_VIOLATION
30;17;SLA_VIOLATION
30;17;SLA_VIOLATION
30;72;SLA_VIOLATION
30;72;SLA_VIOLATION
30;72;SLA_VIOLATION
30;72;SLA_VIOLATION
30;72;SLA_VIOLATION
30;72;SLA_VIOLATION
30;72;SLA_VIOLATION
30;72;SLA_VIOLATION
30;72;SLA_VIOLATION
30;72;SLA_VIOLATION
30;72;SLA_VIOLATION
30;72;SLA_VIOLATION
30;74;SLA_VIOLATION
30;74;SLA_VIOLATION
30;74;SLA_VIOLATION
30;74;SLA_VIOLATION
30;0;SLA_VIOLATION
30;0;SLA_VIOLATION
30;0;SLA_VIOLATION
30;0;SLA_VIOLATION
40;59;SLA_VIOLATION
40;59;SLA_VIOLATION
40;65;SLA_VIOLATION
40;65;SLA_VIOLATION
40;35;SLA_VIOLATION
40;35;SLA_VIOLATION
40;0;SLA_VIOLATION
40;0;SLA_VIOLATION
40;0;SLA_VIOLATION
40;0;SLA_VIOLATION
40;0;SLA_VIOLATION
40;0;SLA_VIOLATION
40;0;SLA_VIOLATION
40;0;SLA_VIOLATION
40;4;SLA_VIOLATION
40;4;SLA_VIOLATION
40;4;SLA_VIOLATION
40;4;SLA_VIOLATION
40;4;SLA_VIOLATION
40;4;SLA_VIOLATION
40;96;SLA_VIOLATION
40;96;SLA_VIOLATION
40;96;SLA_VIOLATION
40;96;SLA_VIOLATION
40;96;SLA_VIOLATION
40;96;SLA_VIOLATION
40;26;SLA_VIOLATION
40;26;SLA_VIOLATION
40;20;SLA_VIOLATION
40;20;SLA_VIOLATION
40;3;SLA_VIOLATION
40;3;SLA_VIOLATION
40;7;SLA_VIOLATION
40;7;SLA_VIOLATION
40;7;SLA_VIOLATION
40;7;SLA_VIOLATION
40;44;SLA_VIOLATION
40;44;SLA_VIOLATION
40;6;SLA_VIOLATION
40;6;SLA_VIOLATION
40;6;SLA_VIOLATION
40;6;SLA_VIOLATION
50;30;SLA_VIOLATION
50;30;SLA_VIOLATION
50;30;SLA_VIOLATION
50;30;SLA_VIOLATION
50;30;SLA_VIOLATION
50;30;SLA_VIOLATION
50;35;SLA_VIOLATION
50;35;SLA_VIOLATION
50;35;SLA_VIOLATION
50;35;SLA_VIOLATION
50;4;SLA_VIOLATION
50;4;SLA_VIOLATION
50;4;SLA_VIOLATION
50;4;SLA_VIOLATION
50;96;SLA_VIOLATION
50;96;SLA_VIOLATION
50;96;SLA_VIOLATION
50;96;SLA_VIOLATION
50;26;SLA_VIOLATION
50;26;SLA_VIOLATION
50;26;SLA_VIOLATION
50;26;SLA_VIOLATION
50;26;SLA_VIOLATION
50;26;SLA_VIOLATION
50;26;SLA_VIOLATION
50;26;SLA_VIOLATION
50;26;SLA_VIOLATION
50;26;SLA_VIOLATION
50;26;SLA_VIOLATION
50;26;SLA_VIOLATION
50;20;SLA_VIOLATION
50;20;SLA_VIOLATION
50;20;SLA_VIOLATION
50;20;SLA_VIOLATION
50;20;SLA_VIOLATION
50;20;SLA_VIOLATION
50;20;SLA_VIOLATION
50;20;SLA_VIOLATION
50;20;SLA_VIOLATION
50;20;SLA_VIOLATION
50;20;SLA_VIOLATION
50;20;SLA_VIOLATION
50;3;SLA_VIOLATION
50;3;SLA_VIOLATION
50;3;SLA_VIOLATION
50;3;SLA_VIOLATION
50;3;SLA_VIOLATION
50;3;SLA_VIOLATION
50;3;SLA_VIOLATION
50;3;SLA_VIOLATION
50;3;SLA_VIOLATION
50;3;SLA_VIOLATION
50;3;SLA_VIOLATION
50;3;SLA_VIOLATION
50;7;SLA_VIOLATION
50;7;SLA_VIOLATION
50;7;SLA_VIOLATION
50;7;SLA_VIOLATION
50;7;SLA_VIOLATION
50;7;SLA_VIOLATION
50;7;SLA_VIOLATION
50;7;SLA_VIOLATION
50;44;SLA_VIOLATION
50;44;SLA_VIOLATION
50;44;SLA_VIOLATION
50;44;SLA_VIOLATION
50;44;SLA_VIOLATION
50;44;SLA_VIOLATION
50;44;SLA_VIOLATION
50;44;SLA_VIOLATION
50;44;SLA_VIOLATION
50;44;SLA_VIOLATION
50;44;SLA_VIOLATION
50;44;SLA_VIOLATION
50;47;SLA_VIOLATION
50;47;SLA_VIOLATION
50;40;SLA_VIOLATION
50;40;SLA_VIOLATION
50;40;SLA_VIOLATION
50;40;SLA_VIOLATION
50;45;SLA_VIOLATION
50;45;SLA_VIOLATION
50;56;SLA_VIOLATION
50;56;SLA_VIOLATION
50;18;SLA_VIOLATION
50;18;SLA_VIOLATION
50;6;SLA_VIOLATION
50;6;SLA_VIOLATION
50;6;SLA_VIOLATION
50;6;SLA_VIOLATION
50;6;SLA_VIOLATION
50;6;SLA_VIOLATION
50;6;SLA_VIOLATION
50;6;SLA_VIOLATION
60;68;SLA_VIOLATION
60;68;SLA_VIOLATION
60;30;SLA_VIOLATION
60;30;SLA_VIOLATION
60;30;SLA_VIOLATION
60;30;SLA_VIOLATION
60;48;SLA_VIOLATION
60;48;SLA_VIOLATION
60;58;SLA_VIOLATION
60;58;SLA_VIOLATION
60;21;SLA_VIOLATION
60;21;SLA_VIOLATION
60;21;SLA_VIOLATION
60;21;SLA_VIOLATION
60;21;SLA_VIOLATION
60;21;SLA_VIOLATION
60;88;SLA_VIOLATION
60;88;SLA_VIOLATION
60;10;SLA_VIOLATION
60;10;SLA_VIOLATION
60;87;SLA_VIOLATION
60;87;SLA_VIOLATION
60;87;SLA_VIOLATION
60;87;SLA_VIOLATION
60;57;SLA_VIOLATION
60;57;SLA_VIOLATION
60;47;SLA_VIOLATION
60;47;SLA_VIOLATION
60;47;SLA_VIOLATION
60;47;SLA_VIOLATION
60;47;SLA_VIOLATION
60;47;SLA_VIOLATION
60;47;SLA_VIOLATION
60;47;SLA_VIOLATION
60;47;SLA_VIOLATION
60;47;SLA_VIOLATION
60;47;SLA_VIOLATION
60;47;SLA_VIOLATION
60;40;SLA_VIOLATION
60;40;SLA_VIOLATION
60;40;SLA_VIOLATION
60;40;SLA_VIOLATION
60;40;SLA_VIOLATION
60;40;SLA_VIOLATION
60;40;SLA_VIOLATION
60;40;SLA_VIOLATION
60;45;SLA_VIOLATION
60;45;SLA_VIOLATION
60;45;SLA_VIOLATION
60;45;SLA_VIOLATION
60;45;SLA_VIOLATION
60;45;SLA_VIOLATION
60;45;SLA_VIOLATION
60;45;SLA_VIOLATION
60;45;SLA_VIOLATION
60;45;SLA_VIOLATION
60;45;SLA_VIOLATION
60;45;SLA_VIOLATION
60;56;SLA_VIOLATION
60;56;SLA_VIOLATION
60;56;SLA_VIOLATION
60;56;SLA_VIOLATION
60;56;SLA_VIOLATION
60;56;SLA_VIOLATION
60;56;SLA_VIOLATION
60;56;SLA_VIOLATION
60;56;SLA_VIOLATION
60;56;SLA_VIOLATION
60;56;SLA_VIOLATION
60;56;SLA_VIOLATION
60;18;SLA_VIOLATION
60;18;SLA_VIOLATION
60;18;SLA_VIOLATION
60;18;SLA_VIOLATION
60;18;SLA_VIOLATION
60;18;SLA_VIOLATION
60;18;SLA_VIOLATION
60;18;SLA_VIOLATION
60;18;SLA_VIOLATION
60;18;SLA_VIOLATION
60;18;SLA_VIOLATION
60;18;SLA_VIOLATION
60;98;SLA_VIOLATION
60;98;SLA_VIOLATION
70;94;SLA_VIOLATION
70;94;SLA_VIOLATION
70;49;SLA_VIOLATION
70;49;SLA_VIOLATION
70;49;SLA_VIOLATION
70;49;SLA_VIOLATION
70;79;SLA_VIOLATION
70;79;SLA_VIOLATION
70;79;SLA_VIOLATION
70;79;SLA_VIOLATION
70;54;SLA_VIOLATION
70;54;SLA_VIOLATION
70;54;SLA_VIOLATION
70;54;SLA_VIOLATION
70;21;SLA_VIOLATION
70;21;SLA_VIOLATION
70;21;SLA_VIOLATION
70;21;SLA_VIOLATION
70;88;SLA_VIOLATION
70;88;SLA_VIOLATION
70;88;SLA_VIOLATION
70;88;SLA_VIOLATION
70;88;SLA_VIOLATION
70;88;SLA_VIOLATION
70;88;SLA_VIOLATION
70;88;SLA_VIOLATION
70;88;SLA_VIOLATION
70;88;SLA_VIOLATION
70;88;SLA_VIOLATION
70;88;SLA_VIOLATION
70;10;SLA_VIOLATION
70;10;SLA_VIOLATION
70;10;SLA_VIOLATION
70;10;SLA_VIOLATION
70;10;SLA_VIOLATION
70;10;SLA_VIOLATION
70;10;SLA_VIOLATION
70;10;SLA_VIOLATION
70;10;SLA_VIOLATION
70;10;SLA_VIOLATION
70;10;SLA_VIOLATION
70;10;SLA_VIOLATION
70;87;SLA_VIOLATION
70;87;SLA_VIOLATION
70;87;SLA_VIOLATION
70;87;SLA_VIOLATION
70;87;SLA_VIOLATION
70;87;SLA_VIOLATION
70;87;SLA_VIOLATION
70;87;SLA_VIOLATION
70;57;SLA_VIOLATION
70;57;SLA_VIOLATION
70;57;SLA_VIOLATION
70;57;SLA_VIOLATION
70;57;SLA_VIOLATION
70;57;SLA_VIOLATION
70;57;SLA_VIOLATION
70;57;SLA_VIOLATION
70;57;SLA_VIOLATION
70;57;SLA_VIOLATION
70;57;SLA_VIOLATION
70;57;SLA_VIOLATION
80;69;SLA_VIOLATION
80;69;SLA_VIOLATION
80;48;SLA_VIOLATION
80;48;SLA_VIOLATION
80;48;SLA_VIOLATION
80;48;SLA_VIOLATION
80;12;SLA_VIOLATION
80;12;SLA_VIOLATION
80;41;SLA_VIOLATION
80;41;SLA_VIOLATION
80;11;SLA_VIOLATION
80;11;SLA_VIOLATION
80;58;SLA_VIOLATION
80;58;SLA_VIOLATION
80;58;SLA_VIOLATION
80;58;SLA_VIOLATION
80;98;SLA_VIOLATION
80;98;SLA_VIOLATION
80;98;SLA_VIOLATION
80;98;SLA_VIOLATION
80;98;SLA_VIOLATION
80;98;SLA_VIOLATION
80;98;SLA_VIOLATION
80;98;SLA_VIOLATION
80;98;SLA_VIOLATION
80;98;SLA_VIOLATION
80;98;SLA_VIOLATION
80;98;SLA_VIOLATION
80;62;SLA_VIOLATION
80;62;SLA_VIOLATION
80;97;SLA_VIOLATION
80;97;SLA_VIOLATION
90;94;SLA_VIOLATION
90;94;SLA_VIOLATION
90;94;SLA_VIOLATION
90;94;SLA_VIOLATION
90;94;SLA_VIOLATION
90;94;SLA_VIOLATION
90;94;SLA_VIOLATION
90;94;SLA_VIOLATION
90;94;SLA_VIOLATION
90;94;SLA_VIOLATION
90;94;SLA_VIOLATION
90;94;SLA_VIOLATION
90;49;SLA_VIOLATION
90;49;SLA_VIOLATION
90;49;SLA_VIOLATION
90;49;SLA_VIOLATION
90;49;SLA_VIOLATION
90;49;SLA_VIOLATION
90;49;SLA_VIOLATION
90;49;SLA_VIOLATION
90;79;SLA_VIOLATION
90;79;SLA_VIOLATION
90;79;SLA_VIOLATION
90;79;SLA_VIOLATION
90;79;SLA_VIOLATION
90;79;SLA_VIOLATION
90;79;SLA_VIOLATION
90;79;SLA_VIOLATION
90;54;SLA_VIOLATION
90;54;SLA_VIOLATION
90;54;SLA_VIOLATION
90;54;SLA_VIOLATION
90;54;SLA_VIOLATION
90;54;SLA_VIOLATION
90;54;SLA_VIOLATION
90;54;SLA_VIOLATION
90;67;SLA_VIOLATION
90;67;SLA_VIOLATION
90;67;SLA_VIOLATION
90;67;SLA_VIOLATION
90;67;SLA_VIOLATION
90;67;SLA_VIOLATION
90;8;SLA_VIOLATION
90;8;SLA_VIOLATION
100;95;SLA_VIOLATION
100;95;SLA_VIOLATION
100;95;SLA_VIOLATION
100;95;SLA_VIOLATION
100;69;SLA_VIOLATION
100;69;SLA_VIOLATION
100;69;SLA_VIOLATION
100;69;SLA_VIOLATION
100;69;SLA_VIOLATION
100;69;SLA_VIOLATION
100;69;SLA_VIOLATION
100;69;SLA_VIOLATION
100;69;SLA_VIOLATION
100;69;SLA_VIOLATION
100;69;SLA_VIOLATION
100;69;SLA_VIOLATION
100;12;SLA_VIOLATION
100;12;SLA_VIOLATION
100;12;SLA_VIOLATION
100;12;SLA_VIOLATION
100;12;SLA_VIOLATION
100;12;SLA_VIOLATION
100;12;SLA_VIOLATION
100;12;SLA_VIOLATION
100;12;SLA_VIOLATION
100;12;SLA_VIOLATION
100;12;SLA_VIOLATION
100;12;SLA_VIOLATION
100;41;SLA_VIOLATION
100;41;SLA_VIOLATION
100;41;SLA_VIOLATION
100;41;SLA_VIOLATION
100;41;SLA_VIOLATION
100;41;SLA_VIOLATION
100;41;SLA_VIOLATION
100;41;SLA_VIOLATION
100;41;SLA_VIOLATION
100;41;SLA_VIOLATION
100;41;SLA_VIOLATION
100;41;SLA_VIOLATION
100;11;SLA_VIOLATION
100;11;SLA_VIOLATION
100;11;SLA_VIOLATION
100;11;SLA_VIOLATION
100;11;SLA_VIOLATION
100;11;SLA_VIOLATION
100;11;SLA_VIOLATION
100;11;SLA_VIOLATION
100;11;SLA_VIOLATION
100;11;SLA_VIOLATION
100;11;SLA_VIOLATION
100;11;SLA_VIOLATION
100;99;SLA_VIOLATION
100;99;SLA_VIOLATION
100;83;SLA_VIOLATION
100;83;SLA_VIOLATION
100;62;SLA_VIOLATION
100;62;SLA_VIOLATION
100;62;SLA_VIOLATION
100;62;SLA_VIOLATION
100;62;SLA_VIOLATION
100;62;SLA_VIOLATION
100;62;SLA_VIOLATION
100;62;SLA_VIOLATION
100;62;SLA_VIOLATION
100;62;SLA_VIOLATION
100;62;SLA_VIOLATION
100;62;SLA_VIOLATION
100;97;SLA_VIOLATION
100;97;SLA_VIOLATION
100;97;SLA_VIOLATION
100;97;SLA_VIOLATION
100;97;SLA_VIOLATION
100;97;SLA_VIOLATION
100;97;SLA_VIOLATION
100;97;SLA_VIOLATION
100;97;SLA_VIOLATION
100;97;SLA_VIOLATION
100;97;SLA_VIOLATION
100;97;SLA_VIOLATION
120;25;SLA_VIOLATION
120;25;SLA_VIOLATION
120;67;SLA_VIOLATION
120;67;SLA_VIOLATION
120;67;SLA_VIOLATION
120;67;SLA_VIOLATION
120;8;SLA_VIOLATION
120;8;SLA_VIOLATION
120;8;SLA_VIOLATION
120;8;SLA_VIOLATION
120;8;SLA_VIOLATION
120;8;SLA_VIOLATION
120;8;SLA_VIOLATION
120;8;SLA_VIOLATION
120;8;SLA_VIOLATION
120;8;SLA_VIOLATION
120;8;SLA_VIOLATION
120;8;SLA_VIOLATION
130;99;SLA_VIOLATION
130;99;SLA_VIOLATION
130;99;SLA_VIOLATION
130;99;SLA_VIOLATION
130;99;SLA_VIOLATION
130;99;SLA_VIOLATION
130;99;SLA_VIOLATION
130;99;SLA_VIOLATION
130;99;SLA_VIOLATION
130;99;SLA_VIOLATION
130;99;SLA_VIOLATION
130;99;SLA_VIOLATION
130;83;SLA_VIOLATION
130;83;SLA_VIOLATION
130;83;SLA_VIOLATION
130;83;SLA_VIOLATION
130;83;SLA_VIOLATION
130;83;SLA_VIOLATION
130;83;SLA_VIOLATION
130;83;SLA_VIOLATION
130;83;SLA_VIOLATION
130;83;SLA_VIOLATION
130;83;SLA_VIOLATION
130;83;SLA_VIOLATION
150;9;SLA_VIOLATION
150;9;SLA_VIOLATION
150;9;SLA_VIOLATION
150;9;SLA_VIOLATION
150;9;SLA_VIOLATION
150;9;SLA_VIOLATION
150;51;SLA_VIOLATION
150;51;SLA_VIOLATION
150;13;SLA_VIOLATION
150;13;SLA_VIOLATION
170;76;SLA_VIOLATION
170;76;SLA_VIOLATION
170;76;SLA_VIOLATION
170;76;SLA_VIOLATION
170;76;SLA_VIOLATION
170;76;SLA_VIOLATION
180;78;SLA_VIOLATION
180;78;SLA_VIOLATION
190;73;SLA_VIOLATION
190;73;SLA_VIOLATION
190;9;SLA_VIOLATION
190;9;SLA_VIOLATION
190;9;SLA_VIOLATION
190;9;SLA_VIOLATION
190;51;SLA_VIOLATION
190;51;SLA_VIOLATION
190;51;SLA_VIOLATION
190;51;SLA_VIOLATION
190;51;SLA_VIOLATION
190;51;SLA_VIOLATION
190;51;SLA_VIOLATION
190;51;SLA_VIOLATION
190;51;SLA_VIOLATION
190;51;SLA_VIOLATION
190;51;SLA_VIOLATION
190;51;SLA_VIOLATION
190;13;SLA_VIOLATION
190;13;SLA_VIOLATION
190;13;SLA_VIOLATION
190;13;SLA_VIOLATION
190;13;SLA_VIOLATION
190;13;SLA_VIOLATION
190;13;SLA_VIOLATION
190;13;SLA_VIOLATION
190;13;SLA_VIOLATION
190;13;SLA_VIOLATION
190;13;SLA_VIOLATION
190;13;SLA_VIOLATION
210;27;SLA_VIOLATION
210;27;SLA_VIOLATION
210;27;SLA_VIOLATION
210;27;SLA_VIOLATION
210;27;SLA_VIOLATION
210;27;SLA_VIOLATION
220;55;SLA_VIOLATION
220;55;SLA_VIOLATION
220;90;SLA_VIOLATION
220;90;SLA_VIOLATION
220;90;SLA_VIOLATION
220;90;SLA_VIOLATION
220;66;SLA_VIOLATION
220;66;SLA_VIOLATION
220;66;SLA_VIOLATION
220;66;SLA_VIOLATION
220;76;SLA_VIOLATION
220;76;SLA_VIOLATION
220;76;SLA_VIOLATION
220;76;SLA_VIOLATION
220;86;SLA_VIOLATION
220;86;SLA_VIOLATION
230;64;SLA_VIOLATION
230;64;SLA_VIOLATION
240;78;SLA_VIOLATION
240;78;SLA_VIOLATION
240;78;SLA_VIOLATION
240;78;SLA_VIOLATION
240;78;SLA_VIOLATION
240;78;SLA_VIOLATION
240;78;SLA_VIOLATION
240;78;SLA_VIOLATION
240;78;SLA_VIOLATION
240;78;SLA_VIOLATION
240;78;SLA_VIOLATION
240;78;SLA_VIOLATION
250;73;SLA_VIOLATION
250;73;SLA_VIOLATION
250;73;SLA_VIOLATION
250;73;SLA_VIOLATION
250;73;SLA_VIOLATION
250;73;SLA_VIOLATION
250;73;SLA_VIOLATION
250;73;SLA_VIOLATION
250;73;SLA_VIOLATION
250;73;SLA_VIOLATION
250;73;SLA_VIOLATION
250;73;SLA_VIOLATION
260;36;SLA_VIOLATION
260;36;SLA_VIOLATION
260;36;SLA_VIOLATION
260;36;SLA_VIOLATION
260;36;SLA_VIOLATION
260;36;SLA_VIOLATION
260;14;SLA_VIOLATION
260;14;SLA_VIOLATION
260;14;SLA_VIOLATION
260;14;SLA_VIOLATION
260;14;SLA_VIOLATION
260;14;SLA_VIOLATION
270;24;SLA_VIOLATION
270;24;SLA_VIOLATION
270;27;SLA_VIOLATION
270;27;SLA_VIOLATION
270;27;SLA_VIOLATION
270;27;SLA_VIOLATION
290;37;SLA_VIOLATION
290;37;SLA_VIOLATION
300;64;SLA_VIOLATION
300;64;SLA_VIOLATION
300;64;SLA_VIOLATION
300;64;SLA_VIOLATION
300;64;SLA_VIOLATION
300;64;SLA_VIOLATION
300;64;SLA_VIOLATION
300;64;SLA_VIOLATION
300;64;SLA_VIOLATION
300;64;SLA_VIOLATION
300;64;SLA_VIOLATION
300;64;SLA_VIOLATION
320;5;SLA_VIOLATION
320;5;SLA_VIOLATION
320;50;SLA_VIOLATION
320;50;SLA_VIOLATION
320;50;SLA_VIOLATION
320;50;SLA_VIOLATION
320;50;SLA_VIOLATION
320;50;SLA_VIOLATION
320;86;SLA_VIOLATION
320;86;SLA_VIOLATION
320;86;SLA_VIOLATION
320;86;SLA_VIOLATION
320;2;SLA_VIOLATION
320;2;SLA_VIOLATION
330;43;SLA_VIOLATION
330;43;SLA_VIOLATION
330;63;SLA_VIOLATION
330;63;SLA_VIOLATION
330;63;SLA_VIOLATION
330;63;SLA_VIOLATION
330;32;SLA_VIOLATION
330;32;SLA_VIOLATION
330;32;SLA_VIOLATION
330;32;SLA_VIOLATION
330;29;SLA_VIOLATION
330;29;SLA_VIOLATION
330;1;SLA_VIOLATION
330;1;SLA_VIOLATION
340;36;SLA_VIOLATION
340;36;SLA_VIOLATION
340;36;SLA_VIOLATION
340;36;SLA_VIOLATION
340;14;SLA_VIOLATION
340;14;SLA_VIOLATION
340;14;SLA_VIOLATION
340;14;SLA_VIOLATION
340;89;SLA_VIOLATION
340;89;SLA_VIOLATION
340;89;SLA_VIOLATION
340;89;SLA_VIOLATION
350;24;SLA_VIOLATION
350;24;SLA_VIOLATION
350;24;SLA_VIOLATION
350;24;SLA_VIOLATION
350;24;SLA_VIOLATION
350;24;SLA_VIOLATION
350;24;SLA_VIOLATION
350;24;SLA_VIOLATION
350;24;SLA_VIOLATION
350;24;SLA_VIOLATION
350;24;SLA_VIOLATION
350;24;SLA_VIOLATION
380;33;SLA_VIOLATION
380;33;SLA_VIOLATION
380;33;SLA_VIOLATION
380;33;SLA_VIOLATION
380;33;SLA_VIOLATION
380;33;SLA_VIOLATION
380;85;SLA_VIOLATION
380;85;SLA_VIOLATION
380;16;SLA_VIOLATION
380;16;SLA_VIOLATION
380;37;SLA_VIOLATION
380;37;SLA_VIOLATION
380;37;SLA_VIOLATION
380;37;SLA_VIOLATION
380;37;SLA_VIOLATION
380;37;SLA_VIOLATION
380;37;SLA_VIOLATION
380;37;SLA_VIOLATION
380;37;SLA_VIOLATION
380;37;SLA_VIOLATION
380;37;SLA_VIOLATION
380;37;SLA_VIOLATION
420;93;SLA_VIOLATION
420;93;SLA_VIOLATION
420;5;SLA_VIOLATION
420;5;SLA_VIOLATION
420;5;SLA_VIOLATION
420;5;SLA_VIOLATION
420;5;SLA_VIOLATION
420;5;SLA_VIOLATION
420;5;SLA_VIOLATION
420;5;SLA_VIOLATION
420;5;SLA_VIOLATION
420;5;SLA_VIOLATION
420;5;SLA_VIOLATION
420;5;SLA_VIOLATION
420;50;SLA_VIOLATION
420;50;SLA_VIOLATION
420;50;SLA_VIOLATION
420;50;SLA_VIOLATION
420;2;SLA_VIOLATION
420;2;SLA_VIOLATION
420;2;SLA_VIOLATION
420;2;SLA_VIOLATION
420;2;SLA_VIOLATION
420;2;SLA_VIOLATION
420;2;SLA_VIOLATION
420;2;SLA_VIOLATION
420;2;SLA_VIOLATION
420;2;SLA_VIOLATION
420;2;SLA_VIOLATION
420;2;SLA_VIOLATION
430;43;SLA_VIOLATION
430;43;SLA_VIOLATION
430;43;SLA_VIOLATION
430;43;SLA_VIOLATION
430;43;SLA_VIOLATION
430;43;SLA_VIOLATION
430;43;SLA_VIOLATION
430;43;SLA_VIOLATION
430;43;SLA_VIOLATION
430;43;SLA_VIOLATION
430;43;SLA_VIOLATION
430;43;SLA_VIOLATION
430;63;SLA_VIOLATION
430;63;SLA_VIOLATION
430;63;SLA_VIOLATION
430;63;SLA_VIOLATION
430;63;SLA_VIOLATION
430;63;SLA_VIOLATION
430;63;SLA_VIOLATION
430;63;SLA_VIOLATION
430;32;SLA_VIOLATION
430;32;SLA_VIOLATION
430;32;SLA_VIOLATION
430;32;SLA_VIOLATION
430;32;SLA_VIOLATION
430;32;SLA_VIOLATION
430;32;SLA_VIOLATION
430;32;SLA_VIOLATION
430;29;SLA_VIOLATION
430;29;SLA_VIOLATION
430;29;SLA_VIOLATION
430;29;SLA_VIOLATION
430;29;SLA_VIOLATION
430;29;SLA_VIOLATION
430;29;SLA_VIOLATION
430;29;SLA_VIOLATION
430;29;SLA_VIOLATION
430;29;SLA_VIOLATION
430;29;SLA_VIOLATION
430;29;SLA_VIOLATION
440;1;SLA_VIOLATION
440;1;SLA_VIOLATION
440;1;SLA_VIOLATION
440;1;SLA_VIOLATION
440;1;SLA_VIOLATION
440;1;SLA_VIOLATION
440;1;SLA_VIOLATION
440;1;SLA_VIOLATION
440;1;SLA_VIOLATION
440;1;SLA_VIOLATION
440;1;SLA_VIOLATION
440;1;SLA_VIOLATION
450;89;SLA_VIOLATION
450;89;SLA_VIOLATION
450;89;SLA_VIOLATION
450;89;SLA_VIOLATION
450;89;SLA_VIOLATION
450;89;SLA_VIOLATION
450;89;SLA_VIOLATION
450;89;SLA_VIOLATION
500;33;SLA_VIOLATION
500;33;SLA_VIOLATION
500;33;SLA_VIOLATION
500;33;SLA_VIOLATION
500;85;SLA_VIOLATION
500;85;SLA_VIOLATION
500;85;SLA_VIOLATION
500;85;SLA_VIOLATION
500;85;SLA_VIOLATION
500;85;SLA_VIOLATION
500;85;SLA_VIOLATION
500;85;SLA_VIOLATION
500;85;SLA_VIOLATION
500;85;SLA_VIOLATION
500;85;SLA_VIOLATION
500;85;SLA_VIOLATION
500;16;SLA_VIOLATION
500;16;SLA_VIOLATION
500;16;SLA_VIOLATION
500;16;SLA_VIOLATION
500;16;SLA_VIOLATION
500;16;SLA_VIOLATION
500;16;SLA_VIOLATION
500;16;SLA_VIOLATION
500;16;SLA_VIOLATION
500;16;SLA_VIOLATION
500;16;SLA_VIOLATION
500;16;SLA_VIOLATION
620;61;SLA_VIOLATION
620;61;SLA_VIOLATION
620;61;SLA_VIOLATION
620;61;SLA_VIOLATION
620;61;SLA_VIOLATION
620;61;SLA_VIOLATION
640;22;SLA_VIOLATION
640;22;SLA_VIOLATION
640;38;SLA_VIOLATION
640;38;SLA_VIOLATION
820;61;SLA_VIOLATION
820;61;SLA_VIOLATION
820;61;SLA_VIOLATION
820;61;SLA_VIOLATION
850;22;SLA_VIOLATION
850;22;SLA_VIOLATION
850;22;SLA_VIOLATION
850;22;SLA_VIOLATION
850;22;SLA_VIOLATION
850;22;SLA_VIOLATION
850;22;SLA_VIOLATION
850;22;SLA_VIOLATION
850;22;SLA_VIOLATION
850;22;SLA_VIOLATION
850;22;SLA_VIOLATION
850;22;SLA_VIOLATION
850;38;SLA_VIOLATION
850;38;SLA_VIOLATION
850;38;SLA_VIOLATION
850;38;SLA_VIOLATION
850;38;SLA_VIOLATION
850;38;SLA_VIOLATION
850;38;SLA_VIOLATION
850;38;SLA_VIOLATION
850;38;SLA_VIOLATION
850;38;SLA_VIOLATION
850;38;SLA_VIOLATION
850;38;SLA_VIOLATION
860;71;SLA_VIOLATION
860;71;SLA_VIOLATION
1020;75;SLA_VIOLATION
1020;75;SLA_VIOLATION
1140;71;SLA_VIOLATION
1140;71;SLA_VIOLATION
1140;71;SLA_VIOLATION
1140;71;SLA_VIOLATION
1140;71;SLA_VIOLATION
1140;71;SLA_VIOLATION
1140;71;SLA_VIOLATION
1140;71;SLA_VIOLATION
1140;71;SLA_VIOLATION
1140;71;SLA_VIOLATION
1140;71;SLA_VIOLATION
1140;71;SLA_VIOLATION
1220;92;SLA_VIOLATION
1220;92;SLA_VIOLATION
1340;39;SLA_VIOLATION
1340;39;SLA_VIOLATION
1460;82;SLA_VIOLATION
1460;82;SLA_VIOLATION
1520;53;SLA_VIOLATION
1520;53;SLA_VIOLATION
1520;53;SLA_VIOLATION
1520;53;SLA_VIOLATION
1520;60;SLA_VIOLATION
1520;60;SLA_VIOLATION
1520;46;SLA_VIOLATION
1520;46;SLA_VIOLATION
1520;46;SLA_VIOLATION
1520;46;SLA_VIOLATION
1540;84;SLA_VIOLATION
1540;84;SLA_VIOLATION
1540;84;SLA_VIOLATION
1540;84;SLA_VIOLATION
1620;92;SLA_VIOLATION
1620;92;SLA_VIOLATION
1620;92;SLA_VIOLATION
1620;92;SLA_VIOLATION
1620;92;SLA_VIOLATION
1620;92;SLA_VIOLATION
1620;92;SLA_VIOLATION
1620;92;SLA_VIOLATION
1620;92;SLA_VIOLATION
1620;92;SLA_VIOLATION
1620;92;SLA_VIOLATION
1620;92;SLA_VIOLATION
1780;39;SLA_VIOLATION
1780;39;SLA_VIOLATION
1780;39;SLA_VIOLATION
1780;39;SLA_VIOLATION
1780;39;SLA_VIOLATION
1780;39;SLA_VIOLATION
1780;39;SLA_VIOLATION
1780;39;SLA_VIOLATION
1780;39;SLA_VIOLATION
1780;39;SLA_VIOLATION
1780;39;SLA_VIOLATION
1780;39;SLA_VIOLATION
1940;82;SLA_VIOLATION
1940;82;SLA_VIOLATION
1940;82;SLA_VIOLATION
1940;82;SLA_VIOLATION
1940;82;SLA_VIOLATION
1940;82;SLA_VIOLATION
1940;82;SLA_VIOLATION
1940;82;SLA_VIOLATION
1940;82;SLA_VIOLATION
1940;82;SLA_VIOLATION
1940;82;SLA_VIOLATION
1940;82;SLA_VIOLATION
2020;34;SLA_VIOLATION
2020;34;SLA_VIOLATION
2020;34;SLA_VIOLATION
2020;34;SLA_VIOLATION
2020;70;SLA_VIOLATION
2020;70;SLA_VIOLATION
2020;70;SLA_VIOLATION
2020;70;SLA_VIOLATION
2020;28;SLA_VIOLATION
2020;28;SLA_VIOLATION
2020;91;SLA_VIOLATION
2020;91;SLA_VIOLATION
2020;53;SLA_VIOLATION
2020;53;SLA_VIOLATION
2020;53;SLA_VIOLATION
2020;53;SLA_VIOLATION
2020;53;SLA_VIOLATION
2020;53;SLA_VIOLATION
2020;53;SLA_VIOLATION
2020;53;SLA_VIOLATION
2020;60;SLA_VIOLATION
2020;60;SLA_VIOLATION
2020;60;SLA_VIOLATION
2020;60;SLA_VIOLATION
2020;60;SLA_VIOLATION
2020;60;SLA_VIOLATION
2020;60;SLA_VIOLATION
2020;60;SLA_VIOLATION
2020;60;SLA_VIOLATION
2020;60;SLA_VIOLATION
2020;60;SLA_VIOLATION
2020;60;SLA_VIOLATION
2020;46;SLA_VIOLATION
2020;46;SLA_VIOLATION
2020;46;SLA_VIOLATION
2020;46;SLA_VIOLATION
2020;46;SLA_VIOLATION
2020;46;SLA_VIOLATION
2020;46;SLA_VIOLATION
2020;46;SLA_VIOLATION
2050;84;SLA_VIOLATION
2050;84;SLA_VIOLATION
2050;84;SLA_VIOLATION
2050;84;SLA_VIOLATION
2050;84;SLA_VIOLATION
2050;84;SLA_VIOLATION
2050;84;SLA_VIOLATION
2050;84;SLA_VIOLATION
3020;81;SLA_VIOLATION
3020;81;SLA_VIOLATION
3020;81;SLA_VIOLATION
3020;81;SLA_VIOLATION
3020;81;SLA_VIOLATION
3020;81;SLA_VIOLATION
3020;81;SLA_VIOLATION
3020;81;SLA_VIOLATION
3020;28;SLA_VIOLATION
3020;28;SLA_VIOLATION
3020;28;SLA_VIOLATION
3020;28;SLA_VIOLATION
3020;91;SLA_VIOLATION
3020;91;SLA_VIOLATION
3020;91;SLA_VIOLATION
3020;91;SLA_VIOLATION
3030;31;SLA_VIOLATION
3030;31;SLA_VIOLATION
3030;31;SLA_VIOLATION
3030;31;SLA_VIOLATION
3030;31;SLA_VIOLATION
3030;31;SLA_VIOLATION
3030;19;SLA_VIOLATION
3030;19;SLA_VIOLATION
3030;23;SLA_VIOLATION
3030;23;SLA_VIOLATION
3250;42;SLA_VIOLATION
3250;42;SLA_VIOLATION
3250;42;SLA_VIOLATION
3250;42;SLA_VIOLATION
3250;42;SLA_VIOLATION
3250;42;SLA_VIOLATION
3250;80;SLA_VIOLATION
3250;80;SLA_VIOLATION
3250;80;SLA_VIOLATION
3250;80;SLA_VIOLATION
3250;80;SLA_VIOLATION
3250;80;SLA_VIOLATION
3250;52;SLA_VIOLATION
3250;52;SLA_VIOLATION
4026;31;SLA_VIOLATION
4026;31;SLA_VIOLATION
4026;31;SLA_VIOLATION
4026;31;SLA_VIOLATION
4026;19;SLA_VIOLATION
4026;19;SLA_VIOLATION
4026;19;SLA_VIOLATION
4026;19;SLA_VIOLATION
4026;19;SLA_VIOLATION
4026;19;SLA_VIOLATION
4026;19;SLA_VIOLATION
4026;19;SLA_VIOLATION
4026;19;SLA_VIOLATION
4026;19;SLA_VIOLATION
4026;19;SLA_VIOLATION
4026;19;SLA_VIOLATION
4026;23;SLA_VIOLATION
4026;23;SLA_VIOLATION
4026;23;SLA_VIOLATION
4026;23;SLA_VIOLATION
4026;23;SLA_VIOLATION
4026;23;SLA_VIOLATION
4026;23;SLA_VIOLATION
4026;23;SLA_VIOLATION
4026;23;SLA_VIOLATION
4026;23;SLA_VIOLATION
4026;23;SLA_VIOLATION
4026;23;SLA_VIOLATION
4330;42;SLA_VIOLATION
4330;42;SLA_VIOLATION
4330;42;SLA_VIOLATION
4330;42;SLA_VIOLATION
4330;80;SLA_VIOLATION
4330;80;SLA_VIOLATION
4330;80;SLA_VIOLATION
4330;80;SLA_VIOLATION
4330;52;SLA_VIOLATION
4330;52;SLA_VIOLATION
4330;52;SLA_VIOLATION
4330;52;SLA_VIOLATION
4330;52;SLA_VIOLATION
4330;52;SLA_VIOLATION
4330;52;SLA_VIOLATION
4330;52;SLA_VIOLATION
4330;52;SLA_VIOLATION
4330;52;SLA_VIOLATION
4330;52;SLA_VIOLATION
4330;52;SLA_VIOLATION
