time;node_id;cpu_w;ram_w;bw_w;total_w;vm_policy;link_policy;wf_policy
10.0;3;6.25;12.5;20.0;0.3338;LFF;BLA;Priority
10.0;2;12.5;25.0;20.0;0.3343;LFF;BLA;Priority
10.0;1;3.13;12.5;20.0;0.3337;LFF;BLA;Priority
10.0;0;6.25;12.5;20.0;0.3338;LFF;BLA;Priority
10.0;3;6.25;12.5;32.0;0.0704;LFF;BLA;Priority
10.0;2;12.5;25.0;81.6;0.0716;LFF;BLA;Priority
10.0;1;3.13;12.5;137.6;0.0717;LFF;BLA;Priority
10.0;0;6.25;12.5;24.0;0.0703;LFF;BLA;Priority
20.0;3;6.25;12.5;20.0;0.3338;LFF;BLA;Priority
20.0;2;12.5;25.0;20.0;0.3343;LFF;BLA;Priority
20.0;1;3.13;12.5;20.0;0.3337;LFF;BLA;Priority
20.0;0;6.25;12.5;20.0;0.3338;LFF;BLA;Priority
20.0;3;6.25;12.5;20.0;0.0702;LFF;BLA;Priority
20.0;2;12.5;25.0;120.0;0.0721;LFF;BLA;Priority
20.0;1;3.13;12.5;178.4;0.0723;LFF;BLA;Priority
20.0;0;6.25;12.5;38.4;0.0705;LFF;BLA;Priority
30.0;3;6.25;12.5;20.0;0.3338;LFF;BLA;Priority
30.0;2;12.5;25.0;20.0;0.3343;LFF;BLA;Priority
30.0;1;3.13;12.5;20.0;0.3337;LFF;BLA;Priority
30.0;0;6.25;12.5;20.0;0.3338;LFF;BLA;Priority
30.0;3;6.25;12.5;20.0;0.0702;LFF;BLA;Priority
30.0;2;12.5;25.0;61.6;0.0713;LFF;BLA;Priority
30.0;1;3.13;12.5;108.8;0.0713;LFF;BLA;Priority
30.0;0;6.25;12.5;27.2;0.0703;LFF;BLA;Priority
40.0;3;6.25;12.5;20.0;0.3338;LFF;BLA;Priority
40.0;2;12.5;25.0;20.0;0.3343;LFF;BLA;Priority
40.0;1;3.13;12.5;20.0;0.3337;LFF;BLA;Priority
40.0;0;6.25;12.5;20.0;0.3338;LFF;BLA;Priority
40.0;3;6.25;12.5;0.0;0.0699;LFF;BLA;Priority
40.0;2;12.5;25.0;0.0;0.0704;LFF;BLA;Priority
40.0;1;3.13;12.5;0.0;0.0698;LFF;BLA;Priority
40.0;0;6.25;12.5;0.0;0.0699;LFF;BLA;Priority
50.0;3;6.25;12.5;20.0;0.3338;LFF;BLA;Priority
50.0;2;12.5;25.0;20.0;0.3343;LFF;BLA;Priority
50.0;1;3.13;12.5;20.0;0.3337;LFF;BLA;Priority
50.0;0;6.25;12.5;20.0;0.3338;LFF;BLA;Priority
50.0;3;6.25;12.5;0.0;0.0699;LFF;BLA;Priority
50.0;2;12.5;25.0;0.0;0.0704;LFF;BLA;Priority
50.0;1;3.13;12.5;0.0;0.0698;LFF;BLA;Priority
50.0;0;6.25;12.5;0.0;0.0699;LFF;BLA;Priority
60.0;3;6.25;12.5;20.0;0.3338;LFF;BLA;Priority
60.0;2;12.5;25.0;20.0;0.3343;LFF;BLA;Priority
60.0;1;3.13;12.5;20.0;0.3337;LFF;BLA;Priority
60.0;0;6.25;12.5;20.0;0.3338;LFF;BLA;Priority
60.0;3;6.25;12.5;0.0;0.0699;LFF;BLA;Priority
60.0;2;12.5;25.0;0.0;0.0704;LFF;BLA;Priority
60.0;1;3.13;12.5;0.0;0.0698;LFF;BLA;Priority
60.0;0;6.25;12.5;0.0;0.0699;LFF;BLA;Priority
70.0;3;6.25;12.5;20.0;0.3338;LFF;BLA;Priority
70.0;2;12.5;25.0;20.0;0.3343;LFF;BLA;Priority
70.0;1;3.13;12.5;20.0;0.3337;LFF;BLA;Priority
70.0;0;6.25;12.5;20.0;0.3338;LFF;BLA;Priority
70.0;3;6.25;12.5;0.0;0.0699;LFF;BLA;Priority
70.0;2;12.5;25.0;0.0;0.0704;LFF;BLA;Priority
70.0;1;3.13;12.5;0.0;0.0698;LFF;BLA;Priority
70.0;0;6.25;12.5;0.0;0.0699;LFF;BLA;Priority
80.0;3;6.25;12.5;20.0;0.3338;LFF;BLA;Priority
80.0;2;12.5;25.0;20.0;0.3343;LFF;BLA;Priority
80.0;1;3.13;12.5;20.0;0.3337;LFF;BLA;Priority
80.0;0;6.25;12.5;20.0;0.3338;LFF;BLA;Priority
80.0;3;6.25;12.5;0.0;0.0699;LFF;BLA;Priority
80.0;2;12.5;25.0;0.0;0.0704;LFF;BLA;Priority
80.0;1;3.13;12.5;0.0;0.0698;LFF;BLA;Priority
80.0;0;6.25;12.5;0.0;0.0699;LFF;BLA;Priority
90.0;3;6.25;12.5;20.0;0.3338;LFF;BLA;Priority
90.0;2;12.5;25.0;20.0;0.3343;LFF;BLA;Priority
90.0;1;3.13;12.5;20.0;0.3337;LFF;BLA;Priority
90.0;0;6.25;12.5;20.0;0.3338;LFF;BLA;Priority
90.0;3;6.25;12.5;0.0;0.0699;LFF;BLA;Priority
90.0;2;12.5;25.0;0.0;0.0704;LFF;BLA;Priority
90.0;1;3.13;12.5;0.0;0.0698;LFF;BLA;Priority
90.0;0;6.25;12.5;0.0;0.0699;LFF;BLA;Priority
100.0;3;6.25;12.5;20.0;0.3338;LFF;BLA;Priority
100.0;2;12.5;25.0;20.0;0.3343;LFF;BLA;Priority
100.0;1;3.13;12.5;20.0;0.3337;LFF;BLA;Priority
100.0;0;6.25;12.5;20.0;0.3338;LFF;BLA;Priority
100.0;3;6.25;12.5;0.0;0.0699;LFF;BLA;Priority
100.0;2;12.5;25.0;0.0;0.0704;LFF;BLA;Priority
100.0;1;3.13;12.5;0.0;0.0698;LFF;BLA;Priority
100.0;0;6.25;12.5;0.0;0.0699;LFF;BLA;Priority
110.0;3;6.25;12.5;20.0;0.3338;LFF;BLA;Priority
110.0;2;12.5;25.0;20.0;0.3343;LFF;BLA;Priority
110.0;1;3.13;12.5;20.0;0.3337;LFF;BLA;Priority
110.0;0;6.25;12.5;20.0;0.3338;LFF;BLA;Priority
110.0;3;6.25;12.5;0.0;0.0699;LFF;BLA;Priority
110.0;2;12.5;25.0;0.0;0.0704;LFF;BLA;Priority
110.0;1;3.13;12.5;0.0;0.0698;LFF;BLA;Priority
110.0;0;6.25;12.5;0.0;0.0699;LFF;BLA;Priority
120.0;3;6.25;12.5;20.0;0.3338;LFF;BLA;Priority
120.0;2;12.5;25.0;20.0;0.3343;LFF;BLA;Priority
120.0;1;3.13;12.5;20.0;0.3337;LFF;BLA;Priority
120.0;0;6.25;12.5;20.0;0.3338;LFF;BLA;Priority
120.0;3;6.25;12.5;0.0;0.0699;LFF;BLA;Priority
120.0;2;12.5;25.0;0.0;0.0704;LFF;BLA;Priority
120.0;1;3.13;12.5;0.0;0.0698;LFF;BLA;Priority
120.0;0;6.25;12.5;0.0;0.0699;LFF;BLA;Priority
130.0;3;6.25;12.5;20.0;0.3338;LFF;BLA;Priority
130.0;2;12.5;25.0;20.0;0.3343;LFF;BLA;Priority
130.0;1;3.13;12.5;20.0;0.3337;LFF;BLA;Priority
130.0;0;6.25;12.5;20.0;0.3338;LFF;BLA;Priority
130.0;3;6.25;12.5;0.0;0.0699;LFF;BLA;Priority
130.0;2;12.5;25.0;0.0;0.0704;LFF;BLA;Priority
130.0;1;3.13;12.5;0.0;0.0698;LFF;BLA;Priority
130.0;0;6.25;12.5;0.0;0.0699;LFF;BLA;Priority
140.0;3;6.25;12.5;20.0;0.3338;LFF;BLA;Priority
140.0;2;12.5;25.0;20.0;0.3343;LFF;BLA;Priority
140.0;1;3.13;12.5;20.0;0.3337;LFF;BLA;Priority
140.0;0;6.25;12.5;20.0;0.3338;LFF;BLA;Priority
162.3;3;6.25;12.5;20.0;0.7445;LFF;BLA;Priority
162.3;2;12.5;25.0;20.0;0.7454;LFF;BLA;Priority
162.3;1;3.13;12.5;20.0;0.7442;LFF;BLA;Priority
162.3;0;6.25;12.5;20.0;0.7445;LFF;BLA;Priority
176.4;3;6.25;12.5;20.0;0.4707;LFF;BLA;Priority
176.4;2;12.5;25.0;20.0;0.4713;LFF;BLA;Priority
176.4;1;3.13;12.5;20.0;0.4705;LFF;BLA;Priority
176.4;0;6.25;12.5;20.0;0.4707;LFF;BLA;Priority
186.4;3;6.25;12.5;20.0;0.3338;LFF;BLA;Priority
186.4;2;12.5;25.0;20.0;0.3343;LFF;BLA;Priority
186.4;1;3.13;12.5;20.0;0.3337;LFF;BLA;Priority
186.4;0;6.25;12.5;20.0;0.3338;LFF;BLA;Priority
10.0;3;6.25;12.5;20.0;0.3338;LFF;BLA;PSO
10.0;2;12.5;25.0;20.0;0.3343;LFF;BLA;PSO
10.0;1;3.13;12.5;20.0;0.3337;LFF;BLA;PSO
10.0;0;6.25;12.5;20.0;0.3338;LFF;BLA;PSO
10.0;3;6.25;12.5;72.0;0.0709;LFF;BLA;PSO
10.0;2;12.5;25.0;263.2;0.0741;LFF;BLA;PSO
10.0;1;3.13;12.5;424.8;0.0757;LFF;BLA;PSO
10.0;0;6.25;12.5;89.6;0.0712;LFF;BLA;PSO
20.0;3;6.25;12.5;20.0;0.3338;LFF;BLA;PSO
20.0;2;12.5;25.0;20.0;0.3343;LFF;BLA;PSO
20.0;1;3.13;12.5;20.0;0.3337;LFF;BLA;PSO
20.0;0;6.25;12.5;20.0;0.3338;LFF;BLA;PSO
20.0;3;6.25;12.5;0.0;0.0699;LFF;BLA;PSO
20.0;2;12.5;25.0;0.0;0.0704;LFF;BLA;PSO
20.0;1;3.13;12.5;0.0;0.0698;LFF;BLA;PSO
20.0;0;6.25;12.5;0.0;0.0699;LFF;BLA;PSO
30.0;3;6.25;12.5;20.0;0.3338;LFF;BLA;PSO
30.0;2;12.5;25.0;20.0;0.3343;LFF;BLA;PSO
30.0;1;3.13;12.5;20.0;0.3337;LFF;BLA;PSO
30.0;0;6.25;12.5;20.0;0.3338;LFF;BLA;PSO
30.0;3;6.25;12.5;0.0;0.0699;LFF;BLA;PSO
30.0;2;12.5;25.0;0.0;0.0704;LFF;BLA;PSO
30.0;1;3.13;12.5;0.0;0.0698;LFF;BLA;PSO
30.0;0;6.25;12.5;0.0;0.0699;LFF;BLA;PSO
40.0;3;6.25;12.5;20.0;0.3338;LFF;BLA;PSO
40.0;2;12.5;25.0;20.0;0.3343;LFF;BLA;PSO
40.0;1;3.13;12.5;20.0;0.3337;LFF;BLA;PSO
40.0;0;6.25;12.5;20.0;0.3338;LFF;BLA;PSO
40.0;3;6.25;12.5;0.0;0.0699;LFF;BLA;PSO
40.0;2;12.5;25.0;0.0;0.0704;LFF;BLA;PSO
40.0;1;3.13;12.5;0.0;0.0698;LFF;BLA;PSO
40.0;0;6.25;12.5;0.0;0.0699;LFF;BLA;PSO
50.0;3;6.25;12.5;20.0;0.3338;LFF;BLA;PSO
50.0;2;12.5;25.0;20.0;0.3343;LFF;BLA;PSO
50.0;1;3.13;12.5;20.0;0.3337;LFF;BLA;PSO
50.0;0;6.25;12.5;20.0;0.3338;LFF;BLA;PSO
50.0;3;6.25;12.5;0.0;0.0699;LFF;BLA;PSO
50.0;2;12.5;25.0;0.0;0.0704;LFF;BLA;PSO
50.0;1;3.13;12.5;0.0;0.0698;LFF;BLA;PSO
50.0;0;6.25;12.5;0.0;0.0699;LFF;BLA;PSO
60.0;3;6.25;12.5;20.0;0.3338;LFF;BLA;PSO
60.0;2;12.5;25.0;20.0;0.3343;LFF;BLA;PSO
60.0;1;3.13;12.5;20.0;0.3337;LFF;BLA;PSO
60.0;0;6.25;12.5;20.0;0.3338;LFF;BLA;PSO
60.0;3;6.25;12.5;0.0;0.0699;LFF;BLA;PSO
60.0;2;12.5;25.0;0.0;0.0704;LFF;BLA;PSO
60.0;1;3.13;12.5;0.0;0.0698;LFF;BLA;PSO
60.0;0;6.25;12.5;0.0;0.0699;LFF;BLA;PSO
70.0;3;6.25;12.5;20.0;0.3338;LFF;BLA;PSO
70.0;2;12.5;25.0;20.0;0.3343;LFF;BLA;PSO
70.0;1;3.13;12.5;20.0;0.3337;LFF;BLA;PSO
70.0;0;6.25;12.5;20.0;0.3338;LFF;BLA;PSO
70.0;3;6.25;12.5;0.0;0.0699;LFF;BLA;PSO
70.0;2;12.5;25.0;0.0;0.0704;LFF;BLA;PSO
70.0;1;3.13;12.5;0.0;0.0698;LFF;BLA;PSO
70.0;0;6.25;12.5;0.0;0.0699;LFF;BLA;PSO
80.0;3;6.25;12.5;20.0;0.3338;LFF;BLA;PSO
80.0;2;12.5;25.0;20.0;0.3343;LFF;BLA;PSO
80.0;1;3.13;12.5;20.0;0.3337;LFF;BLA;PSO
80.0;0;6.25;12.5;20.0;0.3338;LFF;BLA;PSO
80.0;3;6.25;12.5;0.0;0.0699;LFF;BLA;PSO
80.0;2;12.5;25.0;0.0;0.0704;LFF;BLA;PSO
80.0;1;3.13;12.5;0.0;0.0698;LFF;BLA;PSO
80.0;0;6.25;12.5;0.0;0.0699;LFF;BLA;PSO
90.0;3;6.25;12.5;20.0;0.3338;LFF;BLA;PSO
90.0;2;12.5;25.0;20.0;0.3343;LFF;BLA;PSO
90.0;1;3.13;12.5;20.0;0.3337;LFF;BLA;PSO
90.0;0;6.25;12.5;20.0;0.3338;LFF;BLA;PSO
90.0;3;6.25;12.5;0.0;0.0699;LFF;BLA;PSO
90.0;2;12.5;25.0;0.0;0.0704;LFF;BLA;PSO
90.0;1;3.13;12.5;0.0;0.0698;LFF;BLA;PSO
90.0;0;6.25;12.5;0.0;0.0699;LFF;BLA;PSO
100.0;3;6.25;12.5;20.0;0.3338;LFF;BLA;PSO
100.0;2;12.5;25.0;20.0;0.3343;LFF;BLA;PSO
100.0;1;3.13;12.5;20.0;0.3337;LFF;BLA;PSO
100.0;0;6.25;12.5;20.0;0.3338;LFF;BLA;PSO
100.0;3;6.25;12.5;0.0;0.0699;LFF;BLA;PSO
100.0;2;12.5;25.0;0.0;0.0704;LFF;BLA;PSO
100.0;1;3.13;12.5;0.0;0.0698;LFF;BLA;PSO
100.0;0;6.25;12.5;0.0;0.0699;LFF;BLA;PSO
110.0;3;6.25;12.5;20.0;0.3338;LFF;BLA;PSO
110.0;2;12.5;25.0;20.0;0.3343;LFF;BLA;PSO
110.0;1;3.13;12.5;20.0;0.3337;LFF;BLA;PSO
110.0;0;6.25;12.5;20.0;0.3338;LFF;BLA;PSO
110.0;3;6.25;12.5;0.0;0.0699;LFF;BLA;PSO
110.0;2;12.5;25.0;0.0;0.0704;LFF;BLA;PSO
110.0;1;3.13;12.5;0.0;0.0698;LFF;BLA;PSO
110.0;0;6.25;12.5;0.0;0.0699;LFF;BLA;PSO
120.0;3;6.25;12.5;20.0;0.3338;LFF;BLA;PSO
120.0;2;12.5;25.0;20.0;0.3343;LFF;BLA;PSO
120.0;1;3.13;12.5;20.0;0.3337;LFF;BLA;PSO
120.0;0;6.25;12.5;20.0;0.3338;LFF;BLA;PSO
120.0;3;6.25;12.5;0.0;0.0699;LFF;BLA;PSO
120.0;2;12.5;25.0;0.0;0.0704;LFF;BLA;PSO
120.0;1;3.13;12.5;0.0;0.0698;LFF;BLA;PSO
120.0;0;6.25;12.5;0.0;0.0699;LFF;BLA;PSO
130.0;3;6.25;12.5;20.0;0.3338;LFF;BLA;PSO
130.0;2;12.5;25.0;20.0;0.3343;LFF;BLA;PSO
130.0;1;3.13;12.5;20.0;0.3337;LFF;BLA;PSO
130.0;0;6.25;12.5;20.0;0.3338;LFF;BLA;PSO
142.3;3;6.25;12.5;20.0;0.4106;LFF;BLA;PSO
142.3;2;12.5;25.0;20.0;0.4112;LFF;BLA;PSO
142.3;1;3.13;12.5;20.0;0.4105;LFF;BLA;PSO
142.3;0;6.25;12.5;20.0;0.4106;LFF;BLA;PSO
166.4;3;6.25;12.5;20.0;0.8045;LFF;BLA;PSO
166.4;2;12.5;25.0;20.0;0.8056;LFF;BLA;PSO
166.4;1;3.13;12.5;20.0;0.8042;LFF;BLA;PSO
166.4;0;6.25;12.5;20.0;0.8045;LFF;BLA;PSO
176.4;3;6.25;12.5;20.0;0.3338;LFF;BLA;PSO
176.4;2;12.5;25.0;20.0;0.3343;LFF;BLA;PSO
176.4;1;3.13;12.5;20.0;0.3337;LFF;BLA;PSO
176.4;0;6.25;12.5;20.0;0.3338;LFF;BLA;PSO
10.0;3;6.25;12.5;20.0;0.3338;LFF;BLA;SJF
10.0;2;12.5;25.0;20.0;0.3343;LFF;BLA;SJF
10.0;1;3.13;12.5;20.0;0.3337;LFF;BLA;SJF
10.0;0;6.25;12.5;20.0;0.3338;LFF;BLA;SJF
10.0;3;6.25;12.5;32.0;0.0704;LFF;BLA;SJF
10.0;2;12.5;25.0;81.6;0.0716;LFF;BLA;SJF
10.0;1;3.13;12.5;137.6;0.0717;LFF;BLA;SJF
10.0;0;6.25;12.5;24.0;0.0703;LFF;BLA;SJF
20.0;3;6.25;12.5;20.0;0.3338;LFF;BLA;SJF
20.0;2;12.5;25.0;20.0;0.3343;LFF;BLA;SJF
20.0;1;3.13;12.5;20.0;0.3337;LFF;BLA;SJF
20.0;0;6.25;12.5;20.0;0.3338;LFF;BLA;SJF
20.0;3;6.25;12.5;20.0;0.0702;LFF;BLA;SJF
20.0;2;12.5;25.0;120.0;0.0721;LFF;BLA;SJF
20.0;1;3.13;12.5;178.4;0.0723;LFF;BLA;SJF
20.0;0;6.25;12.5;38.4;0.0705;LFF;BLA;SJF
30.0;3;6.25;12.5;20.0;0.3338;LFF;BLA;SJF
30.0;2;12.5;25.0;20.0;0.3343;LFF;BLA;SJF
30.0;1;3.13;12.5;20.0;0.3337;LFF;BLA;SJF
30.0;0;6.25;12.5;20.0;0.3338;LFF;BLA;SJF
30.0;3;6.25;12.5;20.0;0.0702;LFF;BLA;SJF
30.0;2;12.5;25.0;61.6;0.0713;LFF;BLA;SJF
30.0;1;3.13;12.5;108.8;0.0713;LFF;BLA;SJF
30.0;0;6.25;12.5;27.2;0.0703;LFF;BLA;SJF
40.0;3;6.25;12.5;20.0;0.3338;LFF;BLA;SJF
40.0;2;12.5;25.0;20.0;0.3343;LFF;BLA;SJF
40.0;1;3.13;12.5;20.0;0.3337;LFF;BLA;SJF
40.0;0;6.25;12.5;20.0;0.3338;LFF;BLA;SJF
40.0;3;6.25;12.5;0.0;0.0699;LFF;BLA;SJF
40.0;2;12.5;25.0;0.0;0.0704;LFF;BLA;SJF
40.0;1;3.13;12.5;0.0;0.0698;LFF;BLA;SJF
40.0;0;6.25;12.5;0.0;0.0699;LFF;BLA;SJF
50.0;3;6.25;12.5;20.0;0.3338;LFF;BLA;SJF
50.0;2;12.5;25.0;20.0;0.3343;LFF;BLA;SJF
50.0;1;3.13;12.5;20.0;0.3337;LFF;BLA;SJF
50.0;0;6.25;12.5;20.0;0.3338;LFF;BLA;SJF
50.0;3;6.25;12.5;0.0;0.0699;LFF;BLA;SJF
50.0;2;12.5;25.0;0.0;0.0704;LFF;BLA;SJF
50.0;1;3.13;12.5;0.0;0.0698;LFF;BLA;SJF
50.0;0;6.25;12.5;0.0;0.0699;LFF;BLA;SJF
60.0;3;6.25;12.5;20.0;0.3338;LFF;BLA;SJF
60.0;2;12.5;25.0;20.0;0.3343;LFF;BLA;SJF
60.0;1;3.13;12.5;20.0;0.3337;LFF;BLA;SJF
60.0;0;6.25;12.5;20.0;0.3338;LFF;BLA;SJF
60.0;3;6.25;12.5;0.0;0.0699;LFF;BLA;SJF
60.0;2;12.5;25.0;0.0;0.0704;LFF;BLA;SJF
60.0;1;3.13;12.5;0.0;0.0698;LFF;BLA;SJF
60.0;0;6.25;12.5;0.0;0.0699;LFF;BLA;SJF
70.0;3;6.25;12.5;20.0;0.3338;LFF;BLA;SJF
70.0;2;12.5;25.0;20.0;0.3343;LFF;BLA;SJF
70.0;1;3.13;12.5;20.0;0.3337;LFF;BLA;SJF
70.0;0;6.25;12.5;20.0;0.3338;LFF;BLA;SJF
70.0;3;6.25;12.5;0.0;0.0699;LFF;BLA;SJF
70.0;2;12.5;25.0;0.0;0.0704;LFF;BLA;SJF
70.0;1;3.13;12.5;0.0;0.0698;LFF;BLA;SJF
70.0;0;6.25;12.5;0.0;0.0699;LFF;BLA;SJF
80.0;3;6.25;12.5;20.0;0.3338;LFF;BLA;SJF
80.0;2;12.5;25.0;20.0;0.3343;LFF;BLA;SJF
80.0;1;3.13;12.5;20.0;0.3337;LFF;BLA;SJF
80.0;0;6.25;12.5;20.0;0.3338;LFF;BLA;SJF
80.0;3;6.25;12.5;0.0;0.0699;LFF;BLA;SJF
80.0;2;12.5;25.0;0.0;0.0704;LFF;BLA;SJF
80.0;1;3.13;12.5;0.0;0.0698;LFF;BLA;SJF
80.0;0;6.25;12.5;0.0;0.0699;LFF;BLA;SJF
90.0;3;6.25;12.5;20.0;0.3338;LFF;BLA;SJF
90.0;2;12.5;25.0;20.0;0.3343;LFF;BLA;SJF
90.0;1;3.13;12.5;20.0;0.3337;LFF;BLA;SJF
90.0;0;6.25;12.5;20.0;0.3338;LFF;BLA;SJF
90.0;3;6.25;12.5;0.0;0.0699;LFF;BLA;SJF
90.0;2;12.5;25.0;0.0;0.0704;LFF;BLA;SJF
90.0;1;3.13;12.5;0.0;0.0698;LFF;BLA;SJF
90.0;0;6.25;12.5;0.0;0.0699;LFF;BLA;SJF
100.0;3;6.25;12.5;20.0;0.3338;LFF;BLA;SJF
100.0;2;12.5;25.0;20.0;0.3343;LFF;BLA;SJF
100.0;1;3.13;12.5;20.0;0.3337;LFF;BLA;SJF
100.0;0;6.25;12.5;20.0;0.3338;LFF;BLA;SJF
100.0;3;6.25;12.5;0.0;0.0699;LFF;BLA;SJF
100.0;2;12.5;25.0;0.0;0.0704;LFF;BLA;SJF
100.0;1;3.13;12.5;0.0;0.0698;LFF;BLA;SJF
100.0;0;6.25;12.5;0.0;0.0699;LFF;BLA;SJF
110.0;3;6.25;12.5;20.0;0.3338;LFF;BLA;SJF
110.0;2;12.5;25.0;20.0;0.3343;LFF;BLA;SJF
110.0;1;3.13;12.5;20.0;0.3337;LFF;BLA;SJF
110.0;0;6.25;12.5;20.0;0.3338;LFF;BLA;SJF
110.0;3;6.25;12.5;0.0;0.0699;LFF;BLA;SJF
110.0;2;12.5;25.0;0.0;0.0704;LFF;BLA;SJF
110.0;1;3.13;12.5;0.0;0.0698;LFF;BLA;SJF
110.0;0;6.25;12.5;0.0;0.0699;LFF;BLA;SJF
120.0;3;6.25;12.5;20.0;0.3338;LFF;BLA;SJF
120.0;2;12.5;25.0;20.0;0.3343;LFF;BLA;SJF
120.0;1;3.13;12.5;20.0;0.3337;LFF;BLA;SJF
120.0;0;6.25;12.5;20.0;0.3338;LFF;BLA;SJF
120.0;3;6.25;12.5;0.0;0.0699;LFF;BLA;SJF
120.0;2;12.5;25.0;0.0;0.0704;LFF;BLA;SJF
120.0;1;3.13;12.5;0.0;0.0698;LFF;BLA;SJF
120.0;0;6.25;12.5;0.0;0.0699;LFF;BLA;SJF
130.0;3;6.25;12.5;20.0;0.3338;LFF;BLA;SJF
130.0;2;12.5;25.0;20.0;0.3343;LFF;BLA;SJF
130.0;1;3.13;12.5;20.0;0.3337;LFF;BLA;SJF
130.0;0;6.25;12.5;20.0;0.3338;LFF;BLA;SJF
130.0;3;6.25;12.5;0.0;0.0699;LFF;BLA;SJF
130.0;2;12.5;25.0;0.0;0.0704;LFF;BLA;SJF
130.0;1;3.13;12.5;0.0;0.0698;LFF;BLA;SJF
130.0;0;6.25;12.5;0.0;0.0699;LFF;BLA;SJF
140.0;3;6.25;12.5;20.0;0.3338;LFF;BLA;SJF
140.0;2;12.5;25.0;20.0;0.3343;LFF;BLA;SJF
140.0;1;3.13;12.5;20.0;0.3337;LFF;BLA;SJF
140.0;0;6.25;12.5;20.0;0.3338;LFF;BLA;SJF
162.3;3;6.25;12.5;20.0;0.7445;LFF;BLA;SJF
162.3;2;12.5;25.0;20.0;0.7454;LFF;BLA;SJF
162.3;1;3.13;12.5;20.0;0.7442;LFF;BLA;SJF
162.3;0;6.25;12.5;20.0;0.7445;LFF;BLA;SJF
176.4;3;6.25;12.5;20.0;0.4707;LFF;BLA;SJF
176.4;2;12.5;25.0;20.0;0.4713;LFF;BLA;SJF
176.4;1;3.13;12.5;20.0;0.4705;LFF;BLA;SJF
176.4;0;6.25;12.5;20.0;0.4707;LFF;BLA;SJF
186.4;3;6.25;12.5;20.0;0.3338;LFF;BLA;SJF
186.4;2;12.5;25.0;20.0;0.3343;LFF;BLA;SJF
186.4;1;3.13;12.5;20.0;0.3337;LFF;BLA;SJF
186.4;0;6.25;12.5;20.0;0.3338;LFF;BLA;SJF
10.0;3;6.25;12.5;20.0;0.3338;LFF;First;Priority
10.0;2;12.5;25.0;20.0;0.3343;LFF;First;Priority
10.0;1;3.13;12.5;20.0;0.3337;LFF;First;Priority
10.0;0;6.25;12.5;20.0;0.3338;LFF;First;Priority
10.0;3;6.25;12.5;32.0;0.0704;LFF;First;Priority
10.0;2;12.5;25.0;81.6;0.0716;LFF;First;Priority
10.0;1;3.13;12.5;137.6;0.0717;LFF;First;Priority
10.0;0;6.25;12.5;24.0;0.0703;LFF;First;Priority
20.0;3;6.25;12.5;20.0;0.3338;LFF;First;Priority
20.0;2;12.5;25.0;20.0;0.3343;LFF;First;Priority
20.0;1;3.13;12.5;20.0;0.3337;LFF;First;Priority
20.0;0;6.25;12.5;20.0;0.3338;LFF;First;Priority
20.0;3;6.25;12.5;20.0;0.0702;LFF;First;Priority
20.0;2;12.5;25.0;120.0;0.0721;LFF;First;Priority
20.0;1;3.13;12.5;178.4;0.0723;LFF;First;Priority
20.0;0;6.25;12.5;38.4;0.0705;LFF;First;Priority
30.0;3;6.25;12.5;20.0;0.3338;LFF;First;Priority
30.0;2;12.5;25.0;20.0;0.3343;LFF;First;Priority
30.0;1;3.13;12.5;20.0;0.3337;LFF;First;Priority
30.0;0;6.25;12.5;20.0;0.3338;LFF;First;Priority
30.0;3;6.25;12.5;20.0;0.0702;LFF;First;Priority
30.0;2;12.5;25.0;61.6;0.0713;LFF;First;Priority
30.0;1;3.13;12.5;108.8;0.0713;LFF;First;Priority
30.0;0;6.25;12.5;27.2;0.0703;LFF;First;Priority
40.0;3;6.25;12.5;20.0;0.3338;LFF;First;Priority
40.0;2;12.5;25.0;20.0;0.3343;LFF;First;Priority
40.0;1;3.13;12.5;20.0;0.3337;LFF;First;Priority
40.0;0;6.25;12.5;20.0;0.3338;LFF;First;Priority
40.0;3;6.25;12.5;0.0;0.0699;LFF;First;Priority
40.0;2;12.5;25.0;0.0;0.0704;LFF;First;Priority
40.0;1;3.13;12.5;0.0;0.0698;LFF;First;Priority
40.0;0;6.25;12.5;0.0;0.0699;LFF;First;Priority
50.0;3;6.25;12.5;20.0;0.3338;LFF;First;Priority
50.0;2;12.5;25.0;20.0;0.3343;LFF;First;Priority
50.0;1;3.13;12.5;20.0;0.3337;LFF;First;Priority
50.0;0;6.25;12.5;20.0;0.3338;LFF;First;Priority
50.0;3;6.25;12.5;0.0;0.0699;LFF;First;Priority
50.0;2;12.5;25.0;0.0;0.0704;LFF;First;Priority
50.0;1;3.13;12.5;0.0;0.0698;LFF;First;Priority
50.0;0;6.25;12.5;0.0;0.0699;LFF;First;Priority
60.0;3;6.25;12.5;20.0;0.3338;LFF;First;Priority
60.0;2;12.5;25.0;20.0;0.3343;LFF;First;Priority
60.0;1;3.13;12.5;20.0;0.3337;LFF;First;Priority
60.0;0;6.25;12.5;20.0;0.3338;LFF;First;Priority
60.0;3;6.25;12.5;0.0;0.0699;LFF;First;Priority
60.0;2;12.5;25.0;0.0;0.0704;LFF;First;Priority
60.0;1;3.13;12.5;0.0;0.0698;LFF;First;Priority
60.0;0;6.25;12.5;0.0;0.0699;LFF;First;Priority
70.0;3;6.25;12.5;20.0;0.3338;LFF;First;Priority
70.0;2;12.5;25.0;20.0;0.3343;LFF;First;Priority
70.0;1;3.13;12.5;20.0;0.3337;LFF;First;Priority
70.0;0;6.25;12.5;20.0;0.3338;LFF;First;Priority
70.0;3;6.25;12.5;0.0;0.0699;LFF;First;Priority
70.0;2;12.5;25.0;0.0;0.0704;LFF;First;Priority
70.0;1;3.13;12.5;0.0;0.0698;LFF;First;Priority
70.0;0;6.25;12.5;0.0;0.0699;LFF;First;Priority
80.0;3;6.25;12.5;20.0;0.3338;LFF;First;Priority
80.0;2;12.5;25.0;20.0;0.3343;LFF;First;Priority
80.0;1;3.13;12.5;20.0;0.3337;LFF;First;Priority
80.0;0;6.25;12.5;20.0;0.3338;LFF;First;Priority
80.0;3;6.25;12.5;0.0;0.0699;LFF;First;Priority
80.0;2;12.5;25.0;0.0;0.0704;LFF;First;Priority
80.0;1;3.13;12.5;0.0;0.0698;LFF;First;Priority
80.0;0;6.25;12.5;0.0;0.0699;LFF;First;Priority
90.0;3;6.25;12.5;20.0;0.3338;LFF;First;Priority
90.0;2;12.5;25.0;20.0;0.3343;LFF;First;Priority
90.0;1;3.13;12.5;20.0;0.3337;LFF;First;Priority
90.0;0;6.25;12.5;20.0;0.3338;LFF;First;Priority
90.0;3;6.25;12.5;0.0;0.0699;LFF;First;Priority
90.0;2;12.5;25.0;0.0;0.0704;LFF;First;Priority
90.0;1;3.13;12.5;0.0;0.0698;LFF;First;Priority
90.0;0;6.25;12.5;0.0;0.0699;LFF;First;Priority
100.0;3;6.25;12.5;20.0;0.3338;LFF;First;Priority
100.0;2;12.5;25.0;20.0;0.3343;LFF;First;Priority
100.0;1;3.13;12.5;20.0;0.3337;LFF;First;Priority
100.0;0;6.25;12.5;20.0;0.3338;LFF;First;Priority
100.0;3;6.25;12.5;0.0;0.0699;LFF;First;Priority
100.0;2;12.5;25.0;0.0;0.0704;LFF;First;Priority
100.0;1;3.13;12.5;0.0;0.0698;LFF;First;Priority
100.0;0;6.25;12.5;0.0;0.0699;LFF;First;Priority
110.0;3;6.25;12.5;20.0;0.3338;LFF;First;Priority
110.0;2;12.5;25.0;20.0;0.3343;LFF;First;Priority
110.0;1;3.13;12.5;20.0;0.3337;LFF;First;Priority
110.0;0;6.25;12.5;20.0;0.3338;LFF;First;Priority
110.0;3;6.25;12.5;0.0;0.0699;LFF;First;Priority
110.0;2;12.5;25.0;0.0;0.0704;LFF;First;Priority
110.0;1;3.13;12.5;0.0;0.0698;LFF;First;Priority
110.0;0;6.25;12.5;0.0;0.0699;LFF;First;Priority
120.0;3;6.25;12.5;20.0;0.3338;LFF;First;Priority
120.0;2;12.5;25.0;20.0;0.3343;LFF;First;Priority
120.0;1;3.13;12.5;20.0;0.3337;LFF;First;Priority
120.0;0;6.25;12.5;20.0;0.3338;LFF;First;Priority
120.0;3;6.25;12.5;0.0;0.0699;LFF;First;Priority
120.0;2;12.5;25.0;0.0;0.0704;LFF;First;Priority
120.0;1;3.13;12.5;0.0;0.0698;LFF;First;Priority
120.0;0;6.25;12.5;0.0;0.0699;LFF;First;Priority
130.0;3;6.25;12.5;20.0;0.3338;LFF;First;Priority
130.0;2;12.5;25.0;20.0;0.3343;LFF;First;Priority
130.0;1;3.13;12.5;20.0;0.3337;LFF;First;Priority
130.0;0;6.25;12.5;20.0;0.3338;LFF;First;Priority
130.0;3;6.25;12.5;0.0;0.0699;LFF;First;Priority
130.0;2;12.5;25.0;0.0;0.0704;LFF;First;Priority
130.0;1;3.13;12.5;0.0;0.0698;LFF;First;Priority
130.0;0;6.25;12.5;0.0;0.0699;LFF;First;Priority
140.0;3;6.25;12.5;20.0;0.3338;LFF;First;Priority
140.0;2;12.5;25.0;20.0;0.3343;LFF;First;Priority
140.0;1;3.13;12.5;20.0;0.3337;LFF;First;Priority
140.0;0;6.25;12.5;20.0;0.3338;LFF;First;Priority
140.0;3;6.25;12.5;0.0;0.0699;LFF;First;Priority
140.0;2;12.5;25.0;0.0;0.0704;LFF;First;Priority
140.0;1;3.13;12.5;0.0;0.0698;LFF;First;Priority
140.0;0;6.25;12.5;0.0;0.0699;LFF;First;Priority
150.0;3;6.25;12.5;20.0;0.3338;LFF;First;Priority
150.0;2;12.5;25.0;20.0;0.3343;LFF;First;Priority
150.0;1;3.13;12.5;20.0;0.3337;LFF;First;Priority
150.0;0;6.25;12.5;20.0;0.3338;LFF;First;Priority
160.0;3;6.25;12.5;20.0;0.3338;LFF;First;Priority
160.0;2;12.5;25.0;20.0;0.3343;LFF;First;Priority
160.0;1;3.13;12.5;20.0;0.3337;LFF;First;Priority
160.0;0;6.25;12.5;20.0;0.3338;LFF;First;Priority
170.0;3;6.25;12.5;20.0;0.3338;LFF;First;Priority
170.0;2;12.5;25.0;20.0;0.3343;LFF;First;Priority
170.0;1;3.13;12.5;20.0;0.3337;LFF;First;Priority
170.0;0;6.25;12.5;20.0;0.3338;LFF;First;Priority
182.8;3;6.25;12.5;20.0;0.4274;LFF;First;Priority
182.8;2;12.5;25.0;20.0;0.4279;LFF;First;Priority
182.8;1;3.13;12.5;20.0;0.4272;LFF;First;Priority
182.8;0;6.25;12.5;20.0;0.4274;LFF;First;Priority
192.8;3;6.25;12.5;20.0;0.3338;LFF;First;Priority
192.8;2;12.5;25.0;20.0;0.3343;LFF;First;Priority
192.8;1;3.13;12.5;20.0;0.3337;LFF;First;Priority
192.8;0;6.25;12.5;20.0;0.3338;LFF;First;Priority
10.0;3;6.25;12.5;20.0;0.3338;LFF;First;PSO
10.0;2;12.5;25.0;20.0;0.3343;LFF;First;PSO
10.0;1;3.13;12.5;20.0;0.3337;LFF;First;PSO
10.0;0;6.25;12.5;20.0;0.3338;LFF;First;PSO
10.0;3;6.25;12.5;72.0;0.0709;LFF;First;PSO
10.0;2;12.5;25.0;263.2;0.0741;LFF;First;PSO
10.0;1;3.13;12.5;424.8;0.0757;LFF;First;PSO
10.0;0;6.25;12.5;89.6;0.0712;LFF;First;PSO
20.0;3;6.25;12.5;20.0;0.3338;LFF;First;PSO
20.0;2;12.5;25.0;20.0;0.3343;LFF;First;PSO
20.0;1;3.13;12.5;20.0;0.3337;LFF;First;PSO
20.0;0;6.25;12.5;20.0;0.3338;LFF;First;PSO
20.0;3;6.25;12.5;0.0;0.0699;LFF;First;PSO
20.0;2;12.5;25.0;0.0;0.0704;LFF;First;PSO
20.0;1;3.13;12.5;0.0;0.0698;LFF;First;PSO
20.0;0;6.25;12.5;0.0;0.0699;LFF;First;PSO
30.0;3;6.25;12.5;20.0;0.3338;LFF;First;PSO
30.0;2;12.5;25.0;20.0;0.3343;LFF;First;PSO
30.0;1;3.13;12.5;20.0;0.3337;LFF;First;PSO
30.0;0;6.25;12.5;20.0;0.3338;LFF;First;PSO
30.0;3;6.25;12.5;0.0;0.0699;LFF;First;PSO
30.0;2;12.5;25.0;0.0;0.0704;LFF;First;PSO
30.0;1;3.13;12.5;0.0;0.0698;LFF;First;PSO
30.0;0;6.25;12.5;0.0;0.0699;LFF;First;PSO
40.0;3;6.25;12.5;20.0;0.3338;LFF;First;PSO
40.0;2;12.5;25.0;20.0;0.3343;LFF;First;PSO
40.0;1;3.13;12.5;20.0;0.3337;LFF;First;PSO
40.0;0;6.25;12.5;20.0;0.3338;LFF;First;PSO
40.0;3;6.25;12.5;0.0;0.0699;LFF;First;PSO
40.0;2;12.5;25.0;0.0;0.0704;LFF;First;PSO
40.0;1;3.13;12.5;0.0;0.0698;LFF;First;PSO
40.0;0;6.25;12.5;0.0;0.0699;LFF;First;PSO
50.0;3;6.25;12.5;20.0;0.3338;LFF;First;PSO
50.0;2;12.5;25.0;20.0;0.3343;LFF;First;PSO
50.0;1;3.13;12.5;20.0;0.3337;LFF;First;PSO
50.0;0;6.25;12.5;20.0;0.3338;LFF;First;PSO
50.0;3;6.25;12.5;0.0;0.0699;LFF;First;PSO
50.0;2;12.5;25.0;0.0;0.0704;LFF;First;PSO
50.0;1;3.13;12.5;0.0;0.0698;LFF;First;PSO
50.0;0;6.25;12.5;0.0;0.0699;LFF;First;PSO
60.0;3;6.25;12.5;20.0;0.3338;LFF;First;PSO
60.0;2;12.5;25.0;20.0;0.3343;LFF;First;PSO
60.0;1;3.13;12.5;20.0;0.3337;LFF;First;PSO
60.0;0;6.25;12.5;20.0;0.3338;LFF;First;PSO
60.0;3;6.25;12.5;0.0;0.0699;LFF;First;PSO
60.0;2;12.5;25.0;0.0;0.0704;LFF;First;PSO
60.0;1;3.13;12.5;0.0;0.0698;LFF;First;PSO
60.0;0;6.25;12.5;0.0;0.0699;LFF;First;PSO
70.0;3;6.25;12.5;20.0;0.3338;LFF;First;PSO
70.0;2;12.5;25.0;20.0;0.3343;LFF;First;PSO
70.0;1;3.13;12.5;20.0;0.3337;LFF;First;PSO
70.0;0;6.25;12.5;20.0;0.3338;LFF;First;PSO
70.0;3;6.25;12.5;0.0;0.0699;LFF;First;PSO
70.0;2;12.5;25.0;0.0;0.0704;LFF;First;PSO
70.0;1;3.13;12.5;0.0;0.0698;LFF;First;PSO
70.0;0;6.25;12.5;0.0;0.0699;LFF;First;PSO
80.0;3;6.25;12.5;20.0;0.3338;LFF;First;PSO
80.0;2;12.5;25.0;20.0;0.3343;LFF;First;PSO
80.0;1;3.13;12.5;20.0;0.3337;LFF;First;PSO
80.0;0;6.25;12.5;20.0;0.3338;LFF;First;PSO
80.0;3;6.25;12.5;0.0;0.0699;LFF;First;PSO
80.0;2;12.5;25.0;0.0;0.0704;LFF;First;PSO
80.0;1;3.13;12.5;0.0;0.0698;LFF;First;PSO
80.0;0;6.25;12.5;0.0;0.0699;LFF;First;PSO
90.0;3;6.25;12.5;20.0;0.3338;LFF;First;PSO
90.0;2;12.5;25.0;20.0;0.3343;LFF;First;PSO
90.0;1;3.13;12.5;20.0;0.3337;LFF;First;PSO
90.0;0;6.25;12.5;20.0;0.3338;LFF;First;PSO
90.0;3;6.25;12.5;0.0;0.0699;LFF;First;PSO
90.0;2;12.5;25.0;0.0;0.0704;LFF;First;PSO
90.0;1;3.13;12.5;0.0;0.0698;LFF;First;PSO
90.0;0;6.25;12.5;0.0;0.0699;LFF;First;PSO
100.0;3;6.25;12.5;20.0;0.3338;LFF;First;PSO
100.0;2;12.5;25.0;20.0;0.3343;LFF;First;PSO
100.0;1;3.13;12.5;20.0;0.3337;LFF;First;PSO
100.0;0;6.25;12.5;20.0;0.3338;LFF;First;PSO
100.0;3;6.25;12.5;0.0;0.0699;LFF;First;PSO
100.0;2;12.5;25.0;0.0;0.0704;LFF;First;PSO
100.0;1;3.13;12.5;0.0;0.0698;LFF;First;PSO
100.0;0;6.25;12.5;0.0;0.0699;LFF;First;PSO
110.0;3;6.25;12.5;20.0;0.3338;LFF;First;PSO
110.0;2;12.5;25.0;20.0;0.3343;LFF;First;PSO
110.0;1;3.13;12.5;20.0;0.3337;LFF;First;PSO
110.0;0;6.25;12.5;20.0;0.3338;LFF;First;PSO
110.0;3;6.25;12.5;0.0;0.0699;LFF;First;PSO
110.0;2;12.5;25.0;0.0;0.0704;LFF;First;PSO
110.0;1;3.13;12.5;0.0;0.0698;LFF;First;PSO
110.0;0;6.25;12.5;0.0;0.0699;LFF;First;PSO
120.0;3;6.25;12.5;20.0;0.3338;LFF;First;PSO
120.0;2;12.5;25.0;20.0;0.3343;LFF;First;PSO
120.0;1;3.13;12.5;20.0;0.3337;LFF;First;PSO
120.0;0;6.25;12.5;20.0;0.3338;LFF;First;PSO
120.0;3;6.25;12.5;0.0;0.0699;LFF;First;PSO
120.0;2;12.5;25.0;0.0;0.0704;LFF;First;PSO
120.0;1;3.13;12.5;0.0;0.0698;LFF;First;PSO
120.0;0;6.25;12.5;0.0;0.0699;LFF;First;PSO
130.0;3;6.25;12.5;20.0;0.3338;LFF;First;PSO
130.0;2;12.5;25.0;20.0;0.3343;LFF;First;PSO
130.0;1;3.13;12.5;20.0;0.3337;LFF;First;PSO
130.0;0;6.25;12.5;20.0;0.3338;LFF;First;PSO
130.0;3;6.25;12.5;0.0;0.0699;LFF;First;PSO
130.0;2;12.5;25.0;0.0;0.0704;LFF;First;PSO
130.0;1;3.13;12.5;0.0;0.0698;LFF;First;PSO
130.0;0;6.25;12.5;0.0;0.0699;LFF;First;PSO
140.0;3;6.25;12.5;20.0;0.3338;LFF;First;PSO
140.0;2;12.5;25.0;20.0;0.3343;LFF;First;PSO
140.0;1;3.13;12.5;20.0;0.3337;LFF;First;PSO
140.0;0;6.25;12.5;20.0;0.3338;LFF;First;PSO
150.0;3;6.25;12.5;20.0;0.3338;LFF;First;PSO
150.0;2;12.5;25.0;20.0;0.3343;LFF;First;PSO
150.0;1;3.13;12.5;20.0;0.3337;LFF;First;PSO
150.0;0;6.25;12.5;20.0;0.3338;LFF;First;PSO
172.8;3;6.25;12.5;20.0;0.7612;LFF;First;PSO
172.8;2;12.5;25.0;20.0;0.7622;LFF;First;PSO
172.8;1;3.13;12.5;20.0;0.7609;LFF;First;PSO
172.8;0;6.25;12.5;20.0;0.7612;LFF;First;PSO
182.8;3;6.25;12.5;20.0;0.3338;LFF;First;PSO
182.8;2;12.5;25.0;20.0;0.3343;LFF;First;PSO
182.8;1;3.13;12.5;20.0;0.3337;LFF;First;PSO
182.8;0;6.25;12.5;20.0;0.3338;LFF;First;PSO
10.0;3;6.25;12.5;20.0;0.3338;LFF;First;SJF
10.0;2;12.5;25.0;20.0;0.3343;LFF;First;SJF
10.0;1;3.13;12.5;20.0;0.3337;LFF;First;SJF
10.0;0;6.25;12.5;20.0;0.3338;LFF;First;SJF
10.0;3;6.25;12.5;32.0;0.0704;LFF;First;SJF
10.0;2;12.5;25.0;81.6;0.0716;LFF;First;SJF
10.0;1;3.13;12.5;137.6;0.0717;LFF;First;SJF
10.0;0;6.25;12.5;24.0;0.0703;LFF;First;SJF
20.0;3;6.25;12.5;20.0;0.3338;LFF;First;SJF
20.0;2;12.5;25.0;20.0;0.3343;LFF;First;SJF
20.0;1;3.13;12.5;20.0;0.3337;LFF;First;SJF
20.0;0;6.25;12.5;20.0;0.3338;LFF;First;SJF
20.0;3;6.25;12.5;20.0;0.0702;LFF;First;SJF
20.0;2;12.5;25.0;120.0;0.0721;LFF;First;SJF
20.0;1;3.13;12.5;178.4;0.0723;LFF;First;SJF
20.0;0;6.25;12.5;38.4;0.0705;LFF;First;SJF
30.0;3;6.25;12.5;20.0;0.3338;LFF;First;SJF
30.0;2;12.5;25.0;20.0;0.3343;LFF;First;SJF
30.0;1;3.13;12.5;20.0;0.3337;LFF;First;SJF
30.0;0;6.25;12.5;20.0;0.3338;LFF;First;SJF
30.0;3;6.25;12.5;20.0;0.0702;LFF;First;SJF
30.0;2;12.5;25.0;61.6;0.0713;LFF;First;SJF
30.0;1;3.13;12.5;108.8;0.0713;LFF;First;SJF
30.0;0;6.25;12.5;27.2;0.0703;LFF;First;SJF
40.0;3;6.25;12.5;20.0;0.3338;LFF;First;SJF
40.0;2;12.5;25.0;20.0;0.3343;LFF;First;SJF
40.0;1;3.13;12.5;20.0;0.3337;LFF;First;SJF
40.0;0;6.25;12.5;20.0;0.3338;LFF;First;SJF
40.0;3;6.25;12.5;0.0;0.0699;LFF;First;SJF
40.0;2;12.5;25.0;0.0;0.0704;LFF;First;SJF
40.0;1;3.13;12.5;0.0;0.0698;LFF;First;SJF
40.0;0;6.25;12.5;0.0;0.0699;LFF;First;SJF
50.0;3;6.25;12.5;20.0;0.3338;LFF;First;SJF
50.0;2;12.5;25.0;20.0;0.3343;LFF;First;SJF
50.0;1;3.13;12.5;20.0;0.3337;LFF;First;SJF
50.0;0;6.25;12.5;20.0;0.3338;LFF;First;SJF
50.0;3;6.25;12.5;0.0;0.0699;LFF;First;SJF
50.0;2;12.5;25.0;0.0;0.0704;LFF;First;SJF
50.0;1;3.13;12.5;0.0;0.0698;LFF;First;SJF
50.0;0;6.25;12.5;0.0;0.0699;LFF;First;SJF
60.0;3;6.25;12.5;20.0;0.3338;LFF;First;SJF
60.0;2;12.5;25.0;20.0;0.3343;LFF;First;SJF
60.0;1;3.13;12.5;20.0;0.3337;LFF;First;SJF
60.0;0;6.25;12.5;20.0;0.3338;LFF;First;SJF
60.0;3;6.25;12.5;0.0;0.0699;LFF;First;SJF
60.0;2;12.5;25.0;0.0;0.0704;LFF;First;SJF
60.0;1;3.13;12.5;0.0;0.0698;LFF;First;SJF
60.0;0;6.25;12.5;0.0;0.0699;LFF;First;SJF
70.0;3;6.25;12.5;20.0;0.3338;LFF;First;SJF
70.0;2;12.5;25.0;20.0;0.3343;LFF;First;SJF
70.0;1;3.13;12.5;20.0;0.3337;LFF;First;SJF
70.0;0;6.25;12.5;20.0;0.3338;LFF;First;SJF
70.0;3;6.25;12.5;0.0;0.0699;LFF;First;SJF
70.0;2;12.5;25.0;0.0;0.0704;LFF;First;SJF
70.0;1;3.13;12.5;0.0;0.0698;LFF;First;SJF
70.0;0;6.25;12.5;0.0;0.0699;LFF;First;SJF
80.0;3;6.25;12.5;20.0;0.3338;LFF;First;SJF
80.0;2;12.5;25.0;20.0;0.3343;LFF;First;SJF
80.0;1;3.13;12.5;20.0;0.3337;LFF;First;SJF
80.0;0;6.25;12.5;20.0;0.3338;LFF;First;SJF
80.0;3;6.25;12.5;0.0;0.0699;LFF;First;SJF
80.0;2;12.5;25.0;0.0;0.0704;LFF;First;SJF
80.0;1;3.13;12.5;0.0;0.0698;LFF;First;SJF
80.0;0;6.25;12.5;0.0;0.0699;LFF;First;SJF
90.0;3;6.25;12.5;20.0;0.3338;LFF;First;SJF
90.0;2;12.5;25.0;20.0;0.3343;LFF;First;SJF
90.0;1;3.13;12.5;20.0;0.3337;LFF;First;SJF
90.0;0;6.25;12.5;20.0;0.3338;LFF;First;SJF
90.0;3;6.25;12.5;0.0;0.0699;LFF;First;SJF
90.0;2;12.5;25.0;0.0;0.0704;LFF;First;SJF
90.0;1;3.13;12.5;0.0;0.0698;LFF;First;SJF
90.0;0;6.25;12.5;0.0;0.0699;LFF;First;SJF
100.0;3;6.25;12.5;20.0;0.3338;LFF;First;SJF
100.0;2;12.5;25.0;20.0;0.3343;LFF;First;SJF
100.0;1;3.13;12.5;20.0;0.3337;LFF;First;SJF
100.0;0;6.25;12.5;20.0;0.3338;LFF;First;SJF
100.0;3;6.25;12.5;0.0;0.0699;LFF;First;SJF
100.0;2;12.5;25.0;0.0;0.0704;LFF;First;SJF
100.0;1;3.13;12.5;0.0;0.0698;LFF;First;SJF
100.0;0;6.25;12.5;0.0;0.0699;LFF;First;SJF
110.0;3;6.25;12.5;20.0;0.3338;LFF;First;SJF
110.0;2;12.5;25.0;20.0;0.3343;LFF;First;SJF
110.0;1;3.13;12.5;20.0;0.3337;LFF;First;SJF
110.0;0;6.25;12.5;20.0;0.3338;LFF;First;SJF
110.0;3;6.25;12.5;0.0;0.0699;LFF;First;SJF
110.0;2;12.5;25.0;0.0;0.0704;LFF;First;SJF
110.0;1;3.13;12.5;0.0;0.0698;LFF;First;SJF
110.0;0;6.25;12.5;0.0;0.0699;LFF;First;SJF
120.0;3;6.25;12.5;20.0;0.3338;LFF;First;SJF
120.0;2;12.5;25.0;20.0;0.3343;LFF;First;SJF
120.0;1;3.13;12.5;20.0;0.3337;LFF;First;SJF
120.0;0;6.25;12.5;20.0;0.3338;LFF;First;SJF
120.0;3;6.25;12.5;0.0;0.0699;LFF;First;SJF
120.0;2;12.5;25.0;0.0;0.0704;LFF;First;SJF
120.0;1;3.13;12.5;0.0;0.0698;LFF;First;SJF
120.0;0;6.25;12.5;0.0;0.0699;LFF;First;SJF
130.0;3;6.25;12.5;20.0;0.3338;LFF;First;SJF
130.0;2;12.5;25.0;20.0;0.3343;LFF;First;SJF
130.0;1;3.13;12.5;20.0;0.3337;LFF;First;SJF
130.0;0;6.25;12.5;20.0;0.3338;LFF;First;SJF
130.0;3;6.25;12.5;0.0;0.0699;LFF;First;SJF
130.0;2;12.5;25.0;0.0;0.0704;LFF;First;SJF
130.0;1;3.13;12.5;0.0;0.0698;LFF;First;SJF
130.0;0;6.25;12.5;0.0;0.0699;LFF;First;SJF
140.0;3;6.25;12.5;20.0;0.3338;LFF;First;SJF
140.0;2;12.5;25.0;20.0;0.3343;LFF;First;SJF
140.0;1;3.13;12.5;20.0;0.3337;LFF;First;SJF
140.0;0;6.25;12.5;20.0;0.3338;LFF;First;SJF
140.0;3;6.25;12.5;0.0;0.0699;LFF;First;SJF
140.0;2;12.5;25.0;0.0;0.0704;LFF;First;SJF
140.0;1;3.13;12.5;0.0;0.0698;LFF;First;SJF
140.0;0;6.25;12.5;0.0;0.0699;LFF;First;SJF
150.0;3;6.25;12.5;20.0;0.3338;LFF;First;SJF
150.0;2;12.5;25.0;20.0;0.3343;LFF;First;SJF
150.0;1;3.13;12.5;20.0;0.3337;LFF;First;SJF
150.0;0;6.25;12.5;20.0;0.3338;LFF;First;SJF
160.0;3;6.25;12.5;20.0;0.3338;LFF;First;SJF
160.0;2;12.5;25.0;20.0;0.3343;LFF;First;SJF
160.0;1;3.13;12.5;20.0;0.3337;LFF;First;SJF
160.0;0;6.25;12.5;20.0;0.3338;LFF;First;SJF
170.0;3;6.25;12.5;20.0;0.3338;LFF;First;SJF
170.0;2;12.5;25.0;20.0;0.3343;LFF;First;SJF
170.0;1;3.13;12.5;20.0;0.3337;LFF;First;SJF
170.0;0;6.25;12.5;20.0;0.3338;LFF;First;SJF
182.8;3;6.25;12.5;20.0;0.4274;LFF;First;SJF
182.8;2;12.5;25.0;20.0;0.4279;LFF;First;SJF
182.8;1;3.13;12.5;20.0;0.4272;LFF;First;SJF
182.8;0;6.25;12.5;20.0;0.4274;LFF;First;SJF
192.8;3;6.25;12.5;20.0;0.3338;LFF;First;SJF
192.8;2;12.5;25.0;20.0;0.3343;LFF;First;SJF
192.8;1;3.13;12.5;20.0;0.3337;LFF;First;SJF
192.8;0;6.25;12.5;20.0;0.3338;LFF;First;SJF
10.0;3;6.25;12.5;20.0;0.3338;LWFF;BLA;Priority
10.0;2;12.5;25.0;20.0;0.3343;LWFF;BLA;Priority
10.0;1;3.13;12.5;20.0;0.3337;LWFF;BLA;Priority
10.0;0;6.25;12.5;20.0;0.3338;LWFF;BLA;Priority
10.0;3;6.25;12.5;33.6;0.0704;LWFF;BLA;Priority
10.0;2;12.5;25.0;81.6;0.0716;LWFF;BLA;Priority
10.0;1;3.13;12.5;137.6;0.0717;LWFF;BLA;Priority
10.0;0;6.25;12.5;22.4;0.0702;LWFF;BLA;Priority
20.0;3;6.25;12.5;20.0;0.3338;LWFF;BLA;Priority
20.0;2;12.5;25.0;20.0;0.3343;LWFF;BLA;Priority
20.0;1;3.13;12.5;20.0;0.3337;LWFF;BLA;Priority
20.0;0;6.25;12.5;20.0;0.3338;LWFF;BLA;Priority
20.0;3;6.25;12.5;32.8;0.0704;LWFF;BLA;Priority
20.0;2;12.5;25.0;120.0;0.0721;LWFF;BLA;Priority
20.0;1;3.13;12.5;178.4;0.0723;LWFF;BLA;Priority
20.0;0;6.25;12.5;25.6;0.0703;LWFF;BLA;Priority
30.0;3;6.25;12.5;20.0;0.3338;LWFF;BLA;Priority
30.0;2;12.5;25.0;20.0;0.3343;LWFF;BLA;Priority
30.0;1;3.13;12.5;20.0;0.3337;LWFF;BLA;Priority
30.0;0;6.25;12.5;20.0;0.3338;LWFF;BLA;Priority
30.0;3;6.25;12.5;23.2;0.0703;LWFF;BLA;Priority
30.0;2;12.5;25.0;61.6;0.0713;LWFF;BLA;Priority
30.0;1;3.13;12.5;108.8;0.0713;LWFF;BLA;Priority
30.0;0;6.25;12.5;24.0;0.0703;LWFF;BLA;Priority
40.0;3;6.25;12.5;20.0;0.3338;LWFF;BLA;Priority
40.0;2;12.5;25.0;20.0;0.3343;LWFF;BLA;Priority
40.0;1;3.13;12.5;20.0;0.3337;LWFF;BLA;Priority
40.0;0;6.25;12.5;20.0;0.3338;LWFF;BLA;Priority
40.0;3;6.25;12.5;0.0;0.0699;LWFF;BLA;Priority
40.0;2;12.5;25.0;0.0;0.0704;LWFF;BLA;Priority
40.0;1;3.13;12.5;0.0;0.0698;LWFF;BLA;Priority
40.0;0;6.25;12.5;0.0;0.0699;LWFF;BLA;Priority
50.0;3;6.25;12.5;20.0;0.3338;LWFF;BLA;Priority
50.0;2;12.5;25.0;20.0;0.3343;LWFF;BLA;Priority
50.0;1;3.13;12.5;20.0;0.3337;LWFF;BLA;Priority
50.0;0;6.25;12.5;20.0;0.3338;LWFF;BLA;Priority
50.0;3;6.25;12.5;0.0;0.0699;LWFF;BLA;Priority
50.0;2;12.5;25.0;0.0;0.0704;LWFF;BLA;Priority
50.0;1;3.13;12.5;0.0;0.0698;LWFF;BLA;Priority
50.0;0;6.25;12.5;0.0;0.0699;LWFF;BLA;Priority
60.0;3;6.25;12.5;20.0;0.3338;LWFF;BLA;Priority
60.0;2;12.5;25.0;20.0;0.3343;LWFF;BLA;Priority
60.0;1;3.13;12.5;20.0;0.3337;LWFF;BLA;Priority
60.0;0;6.25;12.5;20.0;0.3338;LWFF;BLA;Priority
60.0;3;6.25;12.5;0.0;0.0699;LWFF;BLA;Priority
60.0;2;12.5;25.0;0.0;0.0704;LWFF;BLA;Priority
60.0;1;3.13;12.5;0.0;0.0698;LWFF;BLA;Priority
60.0;0;6.25;12.5;0.0;0.0699;LWFF;BLA;Priority
70.0;3;6.25;12.5;20.0;0.3338;LWFF;BLA;Priority
70.0;2;12.5;25.0;20.0;0.3343;LWFF;BLA;Priority
70.0;1;3.13;12.5;20.0;0.3337;LWFF;BLA;Priority
70.0;0;6.25;12.5;20.0;0.3338;LWFF;BLA;Priority
70.0;3;6.25;12.5;0.0;0.0699;LWFF;BLA;Priority
70.0;2;12.5;25.0;0.0;0.0704;LWFF;BLA;Priority
70.0;1;3.13;12.5;0.0;0.0698;LWFF;BLA;Priority
70.0;0;6.25;12.5;0.0;0.0699;LWFF;BLA;Priority
80.0;3;6.25;12.5;20.0;0.3338;LWFF;BLA;Priority
80.0;2;12.5;25.0;20.0;0.3343;LWFF;BLA;Priority
80.0;1;3.13;12.5;20.0;0.3337;LWFF;BLA;Priority
80.0;0;6.25;12.5;20.0;0.3338;LWFF;BLA;Priority
80.0;3;6.25;12.5;0.0;0.0699;LWFF;BLA;Priority
80.0;2;12.5;25.0;0.0;0.0704;LWFF;BLA;Priority
80.0;1;3.13;12.5;0.0;0.0698;LWFF;BLA;Priority
80.0;0;6.25;12.5;0.0;0.0699;LWFF;BLA;Priority
90.0;3;6.25;12.5;20.0;0.3338;LWFF;BLA;Priority
90.0;2;12.5;25.0;20.0;0.3343;LWFF;BLA;Priority
90.0;1;3.13;12.5;20.0;0.3337;LWFF;BLA;Priority
90.0;0;6.25;12.5;20.0;0.3338;LWFF;BLA;Priority
90.0;3;6.25;12.5;0.0;0.0699;LWFF;BLA;Priority
90.0;2;12.5;25.0;0.0;0.0704;LWFF;BLA;Priority
90.0;1;3.13;12.5;0.0;0.0698;LWFF;BLA;Priority
90.0;0;6.25;12.5;0.0;0.0699;LWFF;BLA;Priority
100.0;3;6.25;12.5;20.0;0.3338;LWFF;BLA;Priority
100.0;2;12.5;25.0;20.0;0.3343;LWFF;BLA;Priority
100.0;1;3.13;12.5;20.0;0.3337;LWFF;BLA;Priority
100.0;0;6.25;12.5;20.0;0.3338;LWFF;BLA;Priority
100.0;3;6.25;12.5;0.0;0.0699;LWFF;BLA;Priority
100.0;2;12.5;25.0;0.0;0.0704;LWFF;BLA;Priority
100.0;1;3.13;12.5;0.0;0.0698;LWFF;BLA;Priority
100.0;0;6.25;12.5;0.0;0.0699;LWFF;BLA;Priority
110.0;3;6.25;12.5;20.0;0.3338;LWFF;BLA;Priority
110.0;2;12.5;25.0;20.0;0.3343;LWFF;BLA;Priority
110.0;1;3.13;12.5;20.0;0.3337;LWFF;BLA;Priority
110.0;0;6.25;12.5;20.0;0.3338;LWFF;BLA;Priority
110.0;3;6.25;12.5;0.0;0.0699;LWFF;BLA;Priority
110.0;2;12.5;25.0;0.0;0.0704;LWFF;BLA;Priority
110.0;1;3.13;12.5;0.0;0.0698;LWFF;BLA;Priority
110.0;0;6.25;12.5;0.0;0.0699;LWFF;BLA;Priority
120.0;3;6.25;12.5;20.0;0.3338;LWFF;BLA;Priority
120.0;2;12.5;25.0;20.0;0.3343;LWFF;BLA;Priority
120.0;1;3.13;12.5;20.0;0.3337;LWFF;BLA;Priority
120.0;0;6.25;12.5;20.0;0.3338;LWFF;BLA;Priority
120.0;3;6.25;12.5;0.0;0.0699;LWFF;BLA;Priority
120.0;2;12.5;25.0;0.0;0.0704;LWFF;BLA;Priority
120.0;1;3.13;12.5;0.0;0.0698;LWFF;BLA;Priority
120.0;0;6.25;12.5;0.0;0.0699;LWFF;BLA;Priority
130.0;3;6.25;12.5;20.0;0.3338;LWFF;BLA;Priority
130.0;2;12.5;25.0;20.0;0.3343;LWFF;BLA;Priority
130.0;1;3.13;12.5;20.0;0.3337;LWFF;BLA;Priority
130.0;0;6.25;12.5;20.0;0.3338;LWFF;BLA;Priority
130.0;3;6.25;12.5;0.0;0.0699;LWFF;BLA;Priority
130.0;2;12.5;25.0;0.0;0.0704;LWFF;BLA;Priority
130.0;1;3.13;12.5;0.0;0.0698;LWFF;BLA;Priority
130.0;0;6.25;12.5;0.0;0.0699;LWFF;BLA;Priority
140.0;3;6.25;12.5;20.0;0.3338;LWFF;BLA;Priority
140.0;2;12.5;25.0;20.0;0.3343;LWFF;BLA;Priority
140.0;1;3.13;12.5;20.0;0.3337;LWFF;BLA;Priority
140.0;0;6.25;12.5;20.0;0.3338;LWFF;BLA;Priority
140.0;3;6.25;12.5;0.0;0.0699;LWFF;BLA;Priority
140.0;2;12.5;25.0;0.0;0.0704;LWFF;BLA;Priority
140.0;1;3.13;12.5;0.0;0.0698;LWFF;BLA;Priority
140.0;0;6.25;12.5;0.0;0.0699;LWFF;BLA;Priority
150.0;3;6.25;12.5;0.0;0.0699;LWFF;BLA;Priority
150.0;2;12.5;25.0;0.0;0.0704;LWFF;BLA;Priority
150.0;1;3.13;12.5;0.0;0.0698;LWFF;BLA;Priority
150.0;0;6.25;12.5;0.0;0.0699;LWFF;BLA;Priority
160.0;3;6.25;12.5;0.0;0.0699;LWFF;BLA;Priority
160.0;2;12.5;25.0;0.0;0.0704;LWFF;BLA;Priority
160.0;1;3.13;12.5;0.0;0.0698;LWFF;BLA;Priority
160.0;0;6.25;12.5;0.0;0.0699;LWFF;BLA;Priority
162.3;3;6.25;12.5;20.0;0.7445;LWFF;BLA;Priority
162.3;2;12.5;25.0;20.0;0.7454;LWFF;BLA;Priority
162.3;1;3.13;12.5;20.0;0.7442;LWFF;BLA;Priority
162.3;0;6.25;12.5;20.0;0.7445;LWFF;BLA;Priority
172.3;3;6.25;12.5;20.0;0.3338;LWFF;BLA;Priority
172.3;2;12.5;25.0;20.0;0.3343;LWFF;BLA;Priority
172.3;1;3.13;12.5;20.0;0.3337;LWFF;BLA;Priority
172.3;0;6.25;12.5;20.0;0.3338;LWFF;BLA;Priority
182.3;3;6.25;12.5;20.0;0.3338;LWFF;BLA;Priority
182.3;2;12.5;25.0;20.0;0.3343;LWFF;BLA;Priority
182.3;1;3.13;12.5;20.0;0.3337;LWFF;BLA;Priority
182.3;0;6.25;12.5;20.0;0.3338;LWFF;BLA;Priority
10.0;3;6.25;12.5;20.0;0.3338;LWFF;BLA;PSO
10.0;2;12.5;25.0;20.0;0.3343;LWFF;BLA;PSO
10.0;1;3.13;12.5;20.0;0.3337;LWFF;BLA;PSO
10.0;0;6.25;12.5;20.0;0.3338;LWFF;BLA;PSO
10.0;3;6.25;12.5;89.6;0.0712;LWFF;BLA;PSO
10.0;2;12.5;25.0;263.2;0.0741;LWFF;BLA;PSO
10.0;1;3.13;12.5;424.8;0.0757;LWFF;BLA;PSO
10.0;0;6.25;12.5;72.0;0.0709;LWFF;BLA;PSO
20.0;3;6.25;12.5;20.0;0.3338;LWFF;BLA;PSO
20.0;2;12.5;25.0;20.0;0.3343;LWFF;BLA;PSO
20.0;1;3.13;12.5;20.0;0.3337;LWFF;BLA;PSO
20.0;0;6.25;12.5;20.0;0.3338;LWFF;BLA;PSO
20.0;3;6.25;12.5;0.0;0.0699;LWFF;BLA;PSO
20.0;2;12.5;25.0;0.0;0.0704;LWFF;BLA;PSO
20.0;1;3.13;12.5;0.0;0.0698;LWFF;BLA;PSO
20.0;0;6.25;12.5;0.0;0.0699;LWFF;BLA;PSO
30.0;3;6.25;12.5;20.0;0.3338;LWFF;BLA;PSO
30.0;2;12.5;25.0;20.0;0.3343;LWFF;BLA;PSO
30.0;1;3.13;12.5;20.0;0.3337;LWFF;BLA;PSO
30.0;0;6.25;12.5;20.0;0.3338;LWFF;BLA;PSO
30.0;3;6.25;12.5;0.0;0.0699;LWFF;BLA;PSO
30.0;2;12.5;25.0;0.0;0.0704;LWFF;BLA;PSO
30.0;1;3.13;12.5;0.0;0.0698;LWFF;BLA;PSO
30.0;0;6.25;12.5;0.0;0.0699;LWFF;BLA;PSO
40.0;3;6.25;12.5;20.0;0.3338;LWFF;BLA;PSO
40.0;2;12.5;25.0;20.0;0.3343;LWFF;BLA;PSO
40.0;1;3.13;12.5;20.0;0.3337;LWFF;BLA;PSO
40.0;0;6.25;12.5;20.0;0.3338;LWFF;BLA;PSO
40.0;3;6.25;12.5;0.0;0.0699;LWFF;BLA;PSO
40.0;2;12.5;25.0;0.0;0.0704;LWFF;BLA;PSO
40.0;1;3.13;12.5;0.0;0.0698;LWFF;BLA;PSO
40.0;0;6.25;12.5;0.0;0.0699;LWFF;BLA;PSO
50.0;3;6.25;12.5;20.0;0.3338;LWFF;BLA;PSO
50.0;2;12.5;25.0;20.0;0.3343;LWFF;BLA;PSO
50.0;1;3.13;12.5;20.0;0.3337;LWFF;BLA;PSO
50.0;0;6.25;12.5;20.0;0.3338;LWFF;BLA;PSO
50.0;3;6.25;12.5;0.0;0.0699;LWFF;BLA;PSO
50.0;2;12.5;25.0;0.0;0.0704;LWFF;BLA;PSO
50.0;1;3.13;12.5;0.0;0.0698;LWFF;BLA;PSO
50.0;0;6.25;12.5;0.0;0.0699;LWFF;BLA;PSO
60.0;3;6.25;12.5;20.0;0.3338;LWFF;BLA;PSO
60.0;2;12.5;25.0;20.0;0.3343;LWFF;BLA;PSO
60.0;1;3.13;12.5;20.0;0.3337;LWFF;BLA;PSO
60.0;0;6.25;12.5;20.0;0.3338;LWFF;BLA;PSO
60.0;3;6.25;12.5;0.0;0.0699;LWFF;BLA;PSO
60.0;2;12.5;25.0;0.0;0.0704;LWFF;BLA;PSO
60.0;1;3.13;12.5;0.0;0.0698;LWFF;BLA;PSO
60.0;0;6.25;12.5;0.0;0.0699;LWFF;BLA;PSO
70.0;3;6.25;12.5;20.0;0.3338;LWFF;BLA;PSO
70.0;2;12.5;25.0;20.0;0.3343;LWFF;BLA;PSO
70.0;1;3.13;12.5;20.0;0.3337;LWFF;BLA;PSO
70.0;0;6.25;12.5;20.0;0.3338;LWFF;BLA;PSO
70.0;3;6.25;12.5;0.0;0.0699;LWFF;BLA;PSO
70.0;2;12.5;25.0;0.0;0.0704;LWFF;BLA;PSO
70.0;1;3.13;12.5;0.0;0.0698;LWFF;BLA;PSO
70.0;0;6.25;12.5;0.0;0.0699;LWFF;BLA;PSO
80.0;3;6.25;12.5;20.0;0.3338;LWFF;BLA;PSO
80.0;2;12.5;25.0;20.0;0.3343;LWFF;BLA;PSO
80.0;1;3.13;12.5;20.0;0.3337;LWFF;BLA;PSO
80.0;0;6.25;12.5;20.0;0.3338;LWFF;BLA;PSO
80.0;3;6.25;12.5;0.0;0.0699;LWFF;BLA;PSO
80.0;2;12.5;25.0;0.0;0.0704;LWFF;BLA;PSO
80.0;1;3.13;12.5;0.0;0.0698;LWFF;BLA;PSO
80.0;0;6.25;12.5;0.0;0.0699;LWFF;BLA;PSO
90.0;3;6.25;12.5;20.0;0.3338;LWFF;BLA;PSO
90.0;2;12.5;25.0;20.0;0.3343;LWFF;BLA;PSO
90.0;1;3.13;12.5;20.0;0.3337;LWFF;BLA;PSO
90.0;0;6.25;12.5;20.0;0.3338;LWFF;BLA;PSO
90.0;3;6.25;12.5;0.0;0.0699;LWFF;BLA;PSO
90.0;2;12.5;25.0;0.0;0.0704;LWFF;BLA;PSO
90.0;1;3.13;12.5;0.0;0.0698;LWFF;BLA;PSO
90.0;0;6.25;12.5;0.0;0.0699;LWFF;BLA;PSO
100.0;3;6.25;12.5;20.0;0.3338;LWFF;BLA;PSO
100.0;2;12.5;25.0;20.0;0.3343;LWFF;BLA;PSO
100.0;1;3.13;12.5;20.0;0.3337;LWFF;BLA;PSO
100.0;0;6.25;12.5;20.0;0.3338;LWFF;BLA;PSO
100.0;3;6.25;12.5;0.0;0.0699;LWFF;BLA;PSO
100.0;2;12.5;25.0;0.0;0.0704;LWFF;BLA;PSO
100.0;1;3.13;12.5;0.0;0.0698;LWFF;BLA;PSO
100.0;0;6.25;12.5;0.0;0.0699;LWFF;BLA;PSO
110.0;3;6.25;12.5;20.0;0.3338;LWFF;BLA;PSO
110.0;2;12.5;25.0;20.0;0.3343;LWFF;BLA;PSO
110.0;1;3.13;12.5;20.0;0.3337;LWFF;BLA;PSO
110.0;0;6.25;12.5;20.0;0.3338;LWFF;BLA;PSO
110.0;3;6.25;12.5;0.0;0.0699;LWFF;BLA;PSO
110.0;2;12.5;25.0;0.0;0.0704;LWFF;BLA;PSO
110.0;1;3.13;12.5;0.0;0.0698;LWFF;BLA;PSO
110.0;0;6.25;12.5;0.0;0.0699;LWFF;BLA;PSO
120.0;3;6.25;12.5;20.0;0.3338;LWFF;BLA;PSO
120.0;2;12.5;25.0;20.0;0.3343;LWFF;BLA;PSO
120.0;1;3.13;12.5;20.0;0.3337;LWFF;BLA;PSO
120.0;0;6.25;12.5;20.0;0.3338;LWFF;BLA;PSO
120.0;3;6.25;12.5;0.0;0.0699;LWFF;BLA;PSO
120.0;2;12.5;25.0;0.0;0.0704;LWFF;BLA;PSO
120.0;1;3.13;12.5;0.0;0.0698;LWFF;BLA;PSO
120.0;0;6.25;12.5;0.0;0.0699;LWFF;BLA;PSO
130.0;3;6.25;12.5;20.0;0.3338;LWFF;BLA;PSO
130.0;2;12.5;25.0;20.0;0.3343;LWFF;BLA;PSO
130.0;1;3.13;12.5;20.0;0.3337;LWFF;BLA;PSO
130.0;0;6.25;12.5;20.0;0.3338;LWFF;BLA;PSO
130.0;3;6.25;12.5;0.0;0.0699;LWFF;BLA;PSO
130.0;2;12.5;25.0;0.0;0.0704;LWFF;BLA;PSO
130.0;1;3.13;12.5;0.0;0.0698;LWFF;BLA;PSO
130.0;0;6.25;12.5;0.0;0.0699;LWFF;BLA;PSO
140.0;3;6.25;12.5;0.0;0.0699;LWFF;BLA;PSO
140.0;2;12.5;25.0;0.0;0.0704;LWFF;BLA;PSO
140.0;1;3.13;12.5;0.0;0.0698;LWFF;BLA;PSO
140.0;0;6.25;12.5;0.0;0.0699;LWFF;BLA;PSO
142.3;3;6.25;12.5;20.0;0.4106;LWFF;BLA;PSO
142.3;2;12.5;25.0;20.0;0.4112;LWFF;BLA;PSO
142.3;1;3.13;12.5;20.0;0.4105;LWFF;BLA;PSO
142.3;0;6.25;12.5;20.0;0.4106;LWFF;BLA;PSO
152.3;3;6.25;12.5;20.0;0.3338;LWFF;BLA;PSO
152.3;2;12.5;25.0;20.0;0.3343;LWFF;BLA;PSO
152.3;1;3.13;12.5;20.0;0.3337;LWFF;BLA;PSO
152.3;0;6.25;12.5;20.0;0.3338;LWFF;BLA;PSO
166.4;3;6.25;12.5;20.0;0.4707;LWFF;BLA;PSO
166.4;2;12.5;25.0;20.0;0.4713;LWFF;BLA;PSO
166.4;1;3.13;12.5;20.0;0.4705;LWFF;BLA;PSO
166.4;0;6.25;12.5;20.0;0.4707;LWFF;BLA;PSO
176.4;3;6.25;12.5;20.0;0.3338;LWFF;BLA;PSO
176.4;2;12.5;25.0;20.0;0.3343;LWFF;BLA;PSO
176.4;1;3.13;12.5;20.0;0.3337;LWFF;BLA;PSO
176.4;0;6.25;12.5;20.0;0.3338;LWFF;BLA;PSO
10.0;3;6.25;12.5;20.0;0.3338;LWFF;BLA;SJF
10.0;2;12.5;25.0;20.0;0.3343;LWFF;BLA;SJF
10.0;1;3.13;12.5;20.0;0.3337;LWFF;BLA;SJF
10.0;0;6.25;12.5;20.0;0.3338;LWFF;BLA;SJF
10.0;3;6.25;12.5;33.6;0.0704;LWFF;BLA;SJF
10.0;2;12.5;25.0;81.6;0.0716;LWFF;BLA;SJF
10.0;1;3.13;12.5;137.6;0.0717;LWFF;BLA;SJF
10.0;0;6.25;12.5;22.4;0.0702;LWFF;BLA;SJF
20.0;3;6.25;12.5;20.0;0.3338;LWFF;BLA;SJF
20.0;2;12.5;25.0;20.0;0.3343;LWFF;BLA;SJF
20.0;1;3.13;12.5;20.0;0.3337;LWFF;BLA;SJF
20.0;0;6.25;12.5;20.0;0.3338;LWFF;BLA;SJF
20.0;3;6.25;12.5;32.8;0.0704;LWFF;BLA;SJF
20.0;2;12.5;25.0;120.0;0.0721;LWFF;BLA;SJF
20.0;1;3.13;12.5;178.4;0.0723;LWFF;BLA;SJF
20.0;0;6.25;12.5;25.6;0.0703;LWFF;BLA;SJF
30.0;3;6.25;12.5;20.0;0.3338;LWFF;BLA;SJF
30.0;2;12.5;25.0;20.0;0.3343;LWFF;BLA;SJF
30.0;1;3.13;12.5;20.0;0.3337;LWFF;BLA;SJF
30.0;0;6.25;12.5;20.0;0.3338;LWFF;BLA;SJF
30.0;3;6.25;12.5;23.2;0.0703;LWFF;BLA;SJF
30.0;2;12.5;25.0;61.6;0.0713;LWFF;BLA;SJF
30.0;1;3.13;12.5;108.8;0.0713;LWFF;BLA;SJF
30.0;0;6.25;12.5;24.0;0.0703;LWFF;BLA;SJF
40.0;3;6.25;12.5;20.0;0.3338;LWFF;BLA;SJF
40.0;2;12.5;25.0;20.0;0.3343;LWFF;BLA;SJF
40.0;1;3.13;12.5;20.0;0.3337;LWFF;BLA;SJF
40.0;0;6.25;12.5;20.0;0.3338;LWFF;BLA;SJF
40.0;3;6.25;12.5;0.0;0.0699;LWFF;BLA;SJF
40.0;2;12.5;25.0;0.0;0.0704;LWFF;BLA;SJF
40.0;1;3.13;12.5;0.0;0.0698;LWFF;BLA;SJF
40.0;0;6.25;12.5;0.0;0.0699;LWFF;BLA;SJF
50.0;3;6.25;12.5;20.0;0.3338;LWFF;BLA;SJF
50.0;2;12.5;25.0;20.0;0.3343;LWFF;BLA;SJF
50.0;1;3.13;12.5;20.0;0.3337;LWFF;BLA;SJF
50.0;0;6.25;12.5;20.0;0.3338;LWFF;BLA;SJF
50.0;3;6.25;12.5;0.0;0.0699;LWFF;BLA;SJF
50.0;2;12.5;25.0;0.0;0.0704;LWFF;BLA;SJF
50.0;1;3.13;12.5;0.0;0.0698;LWFF;BLA;SJF
50.0;0;6.25;12.5;0.0;0.0699;LWFF;BLA;SJF
60.0;3;6.25;12.5;20.0;0.3338;LWFF;BLA;SJF
60.0;2;12.5;25.0;20.0;0.3343;LWFF;BLA;SJF
60.0;1;3.13;12.5;20.0;0.3337;LWFF;BLA;SJF
60.0;0;6.25;12.5;20.0;0.3338;LWFF;BLA;SJF
60.0;3;6.25;12.5;0.0;0.0699;LWFF;BLA;SJF
60.0;2;12.5;25.0;0.0;0.0704;LWFF;BLA;SJF
60.0;1;3.13;12.5;0.0;0.0698;LWFF;BLA;SJF
60.0;0;6.25;12.5;0.0;0.0699;LWFF;BLA;SJF
70.0;3;6.25;12.5;20.0;0.3338;LWFF;BLA;SJF
70.0;2;12.5;25.0;20.0;0.3343;LWFF;BLA;SJF
70.0;1;3.13;12.5;20.0;0.3337;LWFF;BLA;SJF
70.0;0;6.25;12.5;20.0;0.3338;LWFF;BLA;SJF
70.0;3;6.25;12.5;0.0;0.0699;LWFF;BLA;SJF
70.0;2;12.5;25.0;0.0;0.0704;LWFF;BLA;SJF
70.0;1;3.13;12.5;0.0;0.0698;LWFF;BLA;SJF
70.0;0;6.25;12.5;0.0;0.0699;LWFF;BLA;SJF
80.0;3;6.25;12.5;20.0;0.3338;LWFF;BLA;SJF
80.0;2;12.5;25.0;20.0;0.3343;LWFF;BLA;SJF
80.0;1;3.13;12.5;20.0;0.3337;LWFF;BLA;SJF
80.0;0;6.25;12.5;20.0;0.3338;LWFF;BLA;SJF
80.0;3;6.25;12.5;0.0;0.0699;LWFF;BLA;SJF
80.0;2;12.5;25.0;0.0;0.0704;LWFF;BLA;SJF
80.0;1;3.13;12.5;0.0;0.0698;LWFF;BLA;SJF
80.0;0;6.25;12.5;0.0;0.0699;LWFF;BLA;SJF
90.0;3;6.25;12.5;20.0;0.3338;LWFF;BLA;SJF
90.0;2;12.5;25.0;20.0;0.3343;LWFF;BLA;SJF
90.0;1;3.13;12.5;20.0;0.3337;LWFF;BLA;SJF
90.0;0;6.25;12.5;20.0;0.3338;LWFF;BLA;SJF
90.0;3;6.25;12.5;0.0;0.0699;LWFF;BLA;SJF
90.0;2;12.5;25.0;0.0;0.0704;LWFF;BLA;SJF
90.0;1;3.13;12.5;0.0;0.0698;LWFF;BLA;SJF
90.0;0;6.25;12.5;0.0;0.0699;LWFF;BLA;SJF
100.0;3;6.25;12.5;20.0;0.3338;LWFF;BLA;SJF
100.0;2;12.5;25.0;20.0;0.3343;LWFF;BLA;SJF
100.0;1;3.13;12.5;20.0;0.3337;LWFF;BLA;SJF
100.0;0;6.25;12.5;20.0;0.3338;LWFF;BLA;SJF
100.0;3;6.25;12.5;0.0;0.0699;LWFF;BLA;SJF
100.0;2;12.5;25.0;0.0;0.0704;LWFF;BLA;SJF
100.0;1;3.13;12.5;0.0;0.0698;LWFF;BLA;SJF
100.0;0;6.25;12.5;0.0;0.0699;LWFF;BLA;SJF
110.0;3;6.25;12.5;20.0;0.3338;LWFF;BLA;SJF
110.0;2;12.5;25.0;20.0;0.3343;LWFF;BLA;SJF
110.0;1;3.13;12.5;20.0;0.3337;LWFF;BLA;SJF
110.0;0;6.25;12.5;20.0;0.3338;LWFF;BLA;SJF
110.0;3;6.25;12.5;0.0;0.0699;LWFF;BLA;SJF
110.0;2;12.5;25.0;0.0;0.0704;LWFF;BLA;SJF
110.0;1;3.13;12.5;0.0;0.0698;LWFF;BLA;SJF
110.0;0;6.25;12.5;0.0;0.0699;LWFF;BLA;SJF
120.0;3;6.25;12.5;20.0;0.3338;LWFF;BLA;SJF
120.0;2;12.5;25.0;20.0;0.3343;LWFF;BLA;SJF
120.0;1;3.13;12.5;20.0;0.3337;LWFF;BLA;SJF
120.0;0;6.25;12.5;20.0;0.3338;LWFF;BLA;SJF
120.0;3;6.25;12.5;0.0;0.0699;LWFF;BLA;SJF
120.0;2;12.5;25.0;0.0;0.0704;LWFF;BLA;SJF
120.0;1;3.13;12.5;0.0;0.0698;LWFF;BLA;SJF
120.0;0;6.25;12.5;0.0;0.0699;LWFF;BLA;SJF
130.0;3;6.25;12.5;20.0;0.3338;LWFF;BLA;SJF
130.0;2;12.5;25.0;20.0;0.3343;LWFF;BLA;SJF
130.0;1;3.13;12.5;20.0;0.3337;LWFF;BLA;SJF
130.0;0;6.25;12.5;20.0;0.3338;LWFF;BLA;SJF
130.0;3;6.25;12.5;0.0;0.0699;LWFF;BLA;SJF
130.0;2;12.5;25.0;0.0;0.0704;LWFF;BLA;SJF
130.0;1;3.13;12.5;0.0;0.0698;LWFF;BLA;SJF
130.0;0;6.25;12.5;0.0;0.0699;LWFF;BLA;SJF
140.0;3;6.25;12.5;20.0;0.3338;LWFF;BLA;SJF
140.0;2;12.5;25.0;20.0;0.3343;LWFF;BLA;SJF
140.0;1;3.13;12.5;20.0;0.3337;LWFF;BLA;SJF
140.0;0;6.25;12.5;20.0;0.3338;LWFF;BLA;SJF
140.0;3;6.25;12.5;0.0;0.0699;LWFF;BLA;SJF
140.0;2;12.5;25.0;0.0;0.0704;LWFF;BLA;SJF
140.0;1;3.13;12.5;0.0;0.0698;LWFF;BLA;SJF
140.0;0;6.25;12.5;0.0;0.0699;LWFF;BLA;SJF
150.0;3;6.25;12.5;0.0;0.0699;LWFF;BLA;SJF
150.0;2;12.5;25.0;0.0;0.0704;LWFF;BLA;SJF
150.0;1;3.13;12.5;0.0;0.0698;LWFF;BLA;SJF
150.0;0;6.25;12.5;0.0;0.0699;LWFF;BLA;SJF
160.0;3;6.25;12.5;0.0;0.0699;LWFF;BLA;SJF
160.0;2;12.5;25.0;0.0;0.0704;LWFF;BLA;SJF
160.0;1;3.13;12.5;0.0;0.0698;LWFF;BLA;SJF
160.0;0;6.25;12.5;0.0;0.0699;LWFF;BLA;SJF
162.3;3;6.25;12.5;20.0;0.7445;LWFF;BLA;SJF
162.3;2;12.5;25.0;20.0;0.7454;LWFF;BLA;SJF
162.3;1;3.13;12.5;20.0;0.7442;LWFF;BLA;SJF
162.3;0;6.25;12.5;20.0;0.7445;LWFF;BLA;SJF
172.3;3;6.25;12.5;20.0;0.3338;LWFF;BLA;SJF
172.3;2;12.5;25.0;20.0;0.3343;LWFF;BLA;SJF
172.3;1;3.13;12.5;20.0;0.3337;LWFF;BLA;SJF
172.3;0;6.25;12.5;20.0;0.3338;LWFF;BLA;SJF
182.3;3;6.25;12.5;20.0;0.3338;LWFF;BLA;SJF
182.3;2;12.5;25.0;20.0;0.3343;LWFF;BLA;SJF
182.3;1;3.13;12.5;20.0;0.3337;LWFF;BLA;SJF
182.3;0;6.25;12.5;20.0;0.3338;LWFF;BLA;SJF
10.0;3;6.25;12.5;20.0;0.3338;LWFF;First;Priority
10.0;2;12.5;25.0;20.0;0.3343;LWFF;First;Priority
10.0;1;3.13;12.5;20.0;0.3337;LWFF;First;Priority
10.0;0;6.25;12.5;20.0;0.3338;LWFF;First;Priority
10.0;3;6.25;12.5;33.6;0.0704;LWFF;First;Priority
10.0;2;12.5;25.0;81.6;0.0716;LWFF;First;Priority
10.0;1;3.13;12.5;137.6;0.0717;LWFF;First;Priority
10.0;0;6.25;12.5;22.4;0.0702;LWFF;First;Priority
20.0;3;6.25;12.5;20.0;0.3338;LWFF;First;Priority
20.0;2;12.5;25.0;20.0;0.3343;LWFF;First;Priority
20.0;1;3.13;12.5;20.0;0.3337;LWFF;First;Priority
20.0;0;6.25;12.5;20.0;0.3338;LWFF;First;Priority
20.0;3;6.25;12.5;32.8;0.0704;LWFF;First;Priority
20.0;2;12.5;25.0;120.0;0.0721;LWFF;First;Priority
20.0;1;3.13;12.5;178.4;0.0723;LWFF;First;Priority
20.0;0;6.25;12.5;25.6;0.0703;LWFF;First;Priority
30.0;3;6.25;12.5;20.0;0.3338;LWFF;First;Priority
30.0;2;12.5;25.0;20.0;0.3343;LWFF;First;Priority
30.0;1;3.13;12.5;20.0;0.3337;LWFF;First;Priority
30.0;0;6.25;12.5;20.0;0.3338;LWFF;First;Priority
30.0;3;6.25;12.5;23.2;0.0703;LWFF;First;Priority
30.0;2;12.5;25.0;61.6;0.0713;LWFF;First;Priority
30.0;1;3.13;12.5;108.8;0.0713;LWFF;First;Priority
30.0;0;6.25;12.5;24.0;0.0703;LWFF;First;Priority
40.0;3;6.25;12.5;20.0;0.3338;LWFF;First;Priority
40.0;2;12.5;25.0;20.0;0.3343;LWFF;First;Priority
40.0;1;3.13;12.5;20.0;0.3337;LWFF;First;Priority
40.0;0;6.25;12.5;20.0;0.3338;LWFF;First;Priority
40.0;3;6.25;12.5;0.0;0.0699;LWFF;First;Priority
40.0;2;12.5;25.0;0.0;0.0704;LWFF;First;Priority
40.0;1;3.13;12.5;0.0;0.0698;LWFF;First;Priority
40.0;0;6.25;12.5;0.0;0.0699;LWFF;First;Priority
50.0;3;6.25;12.5;20.0;0.3338;LWFF;First;Priority
50.0;2;12.5;25.0;20.0;0.3343;LWFF;First;Priority
50.0;1;3.13;12.5;20.0;0.3337;LWFF;First;Priority
50.0;0;6.25;12.5;20.0;0.3338;LWFF;First;Priority
50.0;3;6.25;12.5;0.0;0.0699;LWFF;First;Priority
50.0;2;12.5;25.0;0.0;0.0704;LWFF;First;Priority
50.0;1;3.13;12.5;0.0;0.0698;LWFF;First;Priority
50.0;0;6.25;12.5;0.0;0.0699;LWFF;First;Priority
60.0;3;6.25;12.5;20.0;0.3338;LWFF;First;Priority
60.0;2;12.5;25.0;20.0;0.3343;LWFF;First;Priority
60.0;1;3.13;12.5;20.0;0.3337;LWFF;First;Priority
60.0;0;6.25;12.5;20.0;0.3338;LWFF;First;Priority
60.0;3;6.25;12.5;0.0;0.0699;LWFF;First;Priority
60.0;2;12.5;25.0;0.0;0.0704;LWFF;First;Priority
60.0;1;3.13;12.5;0.0;0.0698;LWFF;First;Priority
60.0;0;6.25;12.5;0.0;0.0699;LWFF;First;Priority
70.0;3;6.25;12.5;20.0;0.3338;LWFF;First;Priority
70.0;2;12.5;25.0;20.0;0.3343;LWFF;First;Priority
70.0;1;3.13;12.5;20.0;0.3337;LWFF;First;Priority
70.0;0;6.25;12.5;20.0;0.3338;LWFF;First;Priority
70.0;3;6.25;12.5;0.0;0.0699;LWFF;First;Priority
70.0;2;12.5;25.0;0.0;0.0704;LWFF;First;Priority
70.0;1;3.13;12.5;0.0;0.0698;LWFF;First;Priority
70.0;0;6.25;12.5;0.0;0.0699;LWFF;First;Priority
80.0;3;6.25;12.5;20.0;0.3338;LWFF;First;Priority
80.0;2;12.5;25.0;20.0;0.3343;LWFF;First;Priority
80.0;1;3.13;12.5;20.0;0.3337;LWFF;First;Priority
80.0;0;6.25;12.5;20.0;0.3338;LWFF;First;Priority
80.0;3;6.25;12.5;0.0;0.0699;LWFF;First;Priority
80.0;2;12.5;25.0;0.0;0.0704;LWFF;First;Priority
80.0;1;3.13;12.5;0.0;0.0698;LWFF;First;Priority
80.0;0;6.25;12.5;0.0;0.0699;LWFF;First;Priority
90.0;3;6.25;12.5;20.0;0.3338;LWFF;First;Priority
90.0;2;12.5;25.0;20.0;0.3343;LWFF;First;Priority
90.0;1;3.13;12.5;20.0;0.3337;LWFF;First;Priority
90.0;0;6.25;12.5;20.0;0.3338;LWFF;First;Priority
90.0;3;6.25;12.5;0.0;0.0699;LWFF;First;Priority
90.0;2;12.5;25.0;0.0;0.0704;LWFF;First;Priority
90.0;1;3.13;12.5;0.0;0.0698;LWFF;First;Priority
90.0;0;6.25;12.5;0.0;0.0699;LWFF;First;Priority
100.0;3;6.25;12.5;20.0;0.3338;LWFF;First;Priority
100.0;2;12.5;25.0;20.0;0.3343;LWFF;First;Priority
100.0;1;3.13;12.5;20.0;0.3337;LWFF;First;Priority
100.0;0;6.25;12.5;20.0;0.3338;LWFF;First;Priority
100.0;3;6.25;12.5;0.0;0.0699;LWFF;First;Priority
100.0;2;12.5;25.0;0.0;0.0704;LWFF;First;Priority
100.0;1;3.13;12.5;0.0;0.0698;LWFF;First;Priority
100.0;0;6.25;12.5;0.0;0.0699;LWFF;First;Priority
110.0;3;6.25;12.5;20.0;0.3338;LWFF;First;Priority
110.0;2;12.5;25.0;20.0;0.3343;LWFF;First;Priority
110.0;1;3.13;12.5;20.0;0.3337;LWFF;First;Priority
110.0;0;6.25;12.5;20.0;0.3338;LWFF;First;Priority
110.0;3;6.25;12.5;0.0;0.0699;LWFF;First;Priority
110.0;2;12.5;25.0;0.0;0.0704;LWFF;First;Priority
110.0;1;3.13;12.5;0.0;0.0698;LWFF;First;Priority
110.0;0;6.25;12.5;0.0;0.0699;LWFF;First;Priority
120.0;3;6.25;12.5;20.0;0.3338;LWFF;First;Priority
120.0;2;12.5;25.0;20.0;0.3343;LWFF;First;Priority
120.0;1;3.13;12.5;20.0;0.3337;LWFF;First;Priority
120.0;0;6.25;12.5;20.0;0.3338;LWFF;First;Priority
120.0;3;6.25;12.5;0.0;0.0699;LWFF;First;Priority
120.0;2;12.5;25.0;0.0;0.0704;LWFF;First;Priority
120.0;1;3.13;12.5;0.0;0.0698;LWFF;First;Priority
120.0;0;6.25;12.5;0.0;0.0699;LWFF;First;Priority
130.0;3;6.25;12.5;20.0;0.3338;LWFF;First;Priority
130.0;2;12.5;25.0;20.0;0.3343;LWFF;First;Priority
130.0;1;3.13;12.5;20.0;0.3337;LWFF;First;Priority
130.0;0;6.25;12.5;20.0;0.3338;LWFF;First;Priority
130.0;3;6.25;12.5;0.0;0.0699;LWFF;First;Priority
130.0;2;12.5;25.0;0.0;0.0704;LWFF;First;Priority
130.0;1;3.13;12.5;0.0;0.0698;LWFF;First;Priority
130.0;0;6.25;12.5;0.0;0.0699;LWFF;First;Priority
140.0;3;6.25;12.5;20.0;0.3338;LWFF;First;Priority
140.0;2;12.5;25.0;20.0;0.3343;LWFF;First;Priority
140.0;1;3.13;12.5;20.0;0.3337;LWFF;First;Priority
140.0;0;6.25;12.5;20.0;0.3338;LWFF;First;Priority
140.0;3;6.25;12.5;0.0;0.0699;LWFF;First;Priority
140.0;2;12.5;25.0;0.0;0.0704;LWFF;First;Priority
140.0;1;3.13;12.5;0.0;0.0698;LWFF;First;Priority
140.0;0;6.25;12.5;0.0;0.0699;LWFF;First;Priority
150.0;3;6.25;12.5;20.0;0.3338;LWFF;First;Priority
150.0;2;12.5;25.0;20.0;0.3343;LWFF;First;Priority
150.0;1;3.13;12.5;20.0;0.3337;LWFF;First;Priority
150.0;0;6.25;12.5;20.0;0.3338;LWFF;First;Priority
150.0;3;6.25;12.5;0.0;0.0699;LWFF;First;Priority
150.0;2;12.5;25.0;0.0;0.0704;LWFF;First;Priority
150.0;1;3.13;12.5;0.0;0.0698;LWFF;First;Priority
150.0;0;6.25;12.5;0.0;0.0699;LWFF;First;Priority
160.0;3;6.25;12.5;20.0;0.3338;LWFF;First;Priority
160.0;2;12.5;25.0;20.0;0.3343;LWFF;First;Priority
160.0;1;3.13;12.5;20.0;0.3337;LWFF;First;Priority
160.0;0;6.25;12.5;20.0;0.3338;LWFF;First;Priority
160.0;3;6.25;12.5;0.0;0.0699;LWFF;First;Priority
160.0;2;12.5;25.0;0.0;0.0704;LWFF;First;Priority
160.0;1;3.13;12.5;0.0;0.0698;LWFF;First;Priority
160.0;0;6.25;12.5;0.0;0.0699;LWFF;First;Priority
170.0;3;6.25;12.5;20.0;0.3338;LWFF;First;Priority
170.0;2;12.5;25.0;20.0;0.3343;LWFF;First;Priority
170.0;1;3.13;12.5;20.0;0.3337;LWFF;First;Priority
170.0;0;6.25;12.5;20.0;0.3338;LWFF;First;Priority
182.8;3;6.25;12.5;20.0;0.4274;LWFF;First;Priority
182.8;2;12.5;25.0;20.0;0.4279;LWFF;First;Priority
182.8;1;3.13;12.5;20.0;0.4272;LWFF;First;Priority
182.8;0;6.25;12.5;20.0;0.4274;LWFF;First;Priority
192.8;3;6.25;12.5;20.0;0.3338;LWFF;First;Priority
192.8;2;12.5;25.0;20.0;0.3343;LWFF;First;Priority
192.8;1;3.13;12.5;20.0;0.3337;LWFF;First;Priority
192.8;0;6.25;12.5;20.0;0.3338;LWFF;First;Priority
10.0;3;6.25;12.5;20.0;0.3338;LWFF;First;PSO
10.0;2;12.5;25.0;20.0;0.3343;LWFF;First;PSO
10.0;1;3.13;12.5;20.0;0.3337;LWFF;First;PSO
10.0;0;6.25;12.5;20.0;0.3338;LWFF;First;PSO
10.0;3;6.25;12.5;89.6;0.0712;LWFF;First;PSO
10.0;2;12.5;25.0;263.2;0.0741;LWFF;First;PSO
10.0;1;3.13;12.5;424.8;0.0757;LWFF;First;PSO
10.0;0;6.25;12.5;72.0;0.0709;LWFF;First;PSO
20.0;3;6.25;12.5;20.0;0.3338;LWFF;First;PSO
20.0;2;12.5;25.0;20.0;0.3343;LWFF;First;PSO
20.0;1;3.13;12.5;20.0;0.3337;LWFF;First;PSO
20.0;0;6.25;12.5;20.0;0.3338;LWFF;First;PSO
20.0;3;6.25;12.5;0.0;0.0699;LWFF;First;PSO
20.0;2;12.5;25.0;0.0;0.0704;LWFF;First;PSO
20.0;1;3.13;12.5;0.0;0.0698;LWFF;First;PSO
20.0;0;6.25;12.5;0.0;0.0699;LWFF;First;PSO
30.0;3;6.25;12.5;20.0;0.3338;LWFF;First;PSO
30.0;2;12.5;25.0;20.0;0.3343;LWFF;First;PSO
30.0;1;3.13;12.5;20.0;0.3337;LWFF;First;PSO
30.0;0;6.25;12.5;20.0;0.3338;LWFF;First;PSO
30.0;3;6.25;12.5;0.0;0.0699;LWFF;First;PSO
30.0;2;12.5;25.0;0.0;0.0704;LWFF;First;PSO
30.0;1;3.13;12.5;0.0;0.0698;LWFF;First;PSO
30.0;0;6.25;12.5;0.0;0.0699;LWFF;First;PSO
40.0;3;6.25;12.5;20.0;0.3338;LWFF;First;PSO
40.0;2;12.5;25.0;20.0;0.3343;LWFF;First;PSO
40.0;1;3.13;12.5;20.0;0.3337;LWFF;First;PSO
40.0;0;6.25;12.5;20.0;0.3338;LWFF;First;PSO
40.0;3;6.25;12.5;0.0;0.0699;LWFF;First;PSO
40.0;2;12.5;25.0;0.0;0.0704;LWFF;First;PSO
40.0;1;3.13;12.5;0.0;0.0698;LWFF;First;PSO
40.0;0;6.25;12.5;0.0;0.0699;LWFF;First;PSO
50.0;3;6.25;12.5;20.0;0.3338;LWFF;First;PSO
50.0;2;12.5;25.0;20.0;0.3343;LWFF;First;PSO
50.0;1;3.13;12.5;20.0;0.3337;LWFF;First;PSO
50.0;0;6.25;12.5;20.0;0.3338;LWFF;First;PSO
50.0;3;6.25;12.5;0.0;0.0699;LWFF;First;PSO
50.0;2;12.5;25.0;0.0;0.0704;LWFF;First;PSO
50.0;1;3.13;12.5;0.0;0.0698;LWFF;First;PSO
50.0;0;6.25;12.5;0.0;0.0699;LWFF;First;PSO
60.0;3;6.25;12.5;20.0;0.3338;LWFF;First;PSO
60.0;2;12.5;25.0;20.0;0.3343;LWFF;First;PSO
60.0;1;3.13;12.5;20.0;0.3337;LWFF;First;PSO
60.0;0;6.25;12.5;20.0;0.3338;LWFF;First;PSO
60.0;3;6.25;12.5;0.0;0.0699;LWFF;First;PSO
60.0;2;12.5;25.0;0.0;0.0704;LWFF;First;PSO
60.0;1;3.13;12.5;0.0;0.0698;LWFF;First;PSO
60.0;0;6.25;12.5;0.0;0.0699;LWFF;First;PSO
70.0;3;6.25;12.5;20.0;0.3338;LWFF;First;PSO
70.0;2;12.5;25.0;20.0;0.3343;LWFF;First;PSO
70.0;1;3.13;12.5;20.0;0.3337;LWFF;First;PSO
70.0;0;6.25;12.5;20.0;0.3338;LWFF;First;PSO
70.0;3;6.25;12.5;0.0;0.0699;LWFF;First;PSO
70.0;2;12.5;25.0;0.0;0.0704;LWFF;First;PSO
70.0;1;3.13;12.5;0.0;0.0698;LWFF;First;PSO
70.0;0;6.25;12.5;0.0;0.0699;LWFF;First;PSO
80.0;3;6.25;12.5;20.0;0.3338;LWFF;First;PSO
80.0;2;12.5;25.0;20.0;0.3343;LWFF;First;PSO
80.0;1;3.13;12.5;20.0;0.3337;LWFF;First;PSO
80.0;0;6.25;12.5;20.0;0.3338;LWFF;First;PSO
80.0;3;6.25;12.5;0.0;0.0699;LWFF;First;PSO
80.0;2;12.5;25.0;0.0;0.0704;LWFF;First;PSO
80.0;1;3.13;12.5;0.0;0.0698;LWFF;First;PSO
80.0;0;6.25;12.5;0.0;0.0699;LWFF;First;PSO
90.0;3;6.25;12.5;20.0;0.3338;LWFF;First;PSO
90.0;2;12.5;25.0;20.0;0.3343;LWFF;First;PSO
90.0;1;3.13;12.5;20.0;0.3337;LWFF;First;PSO
90.0;0;6.25;12.5;20.0;0.3338;LWFF;First;PSO
90.0;3;6.25;12.5;0.0;0.0699;LWFF;First;PSO
90.0;2;12.5;25.0;0.0;0.0704;LWFF;First;PSO
90.0;1;3.13;12.5;0.0;0.0698;LWFF;First;PSO
90.0;0;6.25;12.5;0.0;0.0699;LWFF;First;PSO
100.0;3;6.25;12.5;20.0;0.3338;LWFF;First;PSO
100.0;2;12.5;25.0;20.0;0.3343;LWFF;First;PSO
100.0;1;3.13;12.5;20.0;0.3337;LWFF;First;PSO
100.0;0;6.25;12.5;20.0;0.3338;LWFF;First;PSO
100.0;3;6.25;12.5;0.0;0.0699;LWFF;First;PSO
100.0;2;12.5;25.0;0.0;0.0704;LWFF;First;PSO
100.0;1;3.13;12.5;0.0;0.0698;LWFF;First;PSO
100.0;0;6.25;12.5;0.0;0.0699;LWFF;First;PSO
110.0;3;6.25;12.5;20.0;0.3338;LWFF;First;PSO
110.0;2;12.5;25.0;20.0;0.3343;LWFF;First;PSO
110.0;1;3.13;12.5;20.0;0.3337;LWFF;First;PSO
110.0;0;6.25;12.5;20.0;0.3338;LWFF;First;PSO
110.0;3;6.25;12.5;0.0;0.0699;LWFF;First;PSO
110.0;2;12.5;25.0;0.0;0.0704;LWFF;First;PSO
110.0;1;3.13;12.5;0.0;0.0698;LWFF;First;PSO
110.0;0;6.25;12.5;0.0;0.0699;LWFF;First;PSO
120.0;3;6.25;12.5;20.0;0.3338;LWFF;First;PSO
120.0;2;12.5;25.0;20.0;0.3343;LWFF;First;PSO
120.0;1;3.13;12.5;20.0;0.3337;LWFF;First;PSO
120.0;0;6.25;12.5;20.0;0.3338;LWFF;First;PSO
120.0;3;6.25;12.5;0.0;0.0699;LWFF;First;PSO
120.0;2;12.5;25.0;0.0;0.0704;LWFF;First;PSO
120.0;1;3.13;12.5;0.0;0.0698;LWFF;First;PSO
120.0;0;6.25;12.5;0.0;0.0699;LWFF;First;PSO
130.0;3;6.25;12.5;20.0;0.3338;LWFF;First;PSO
130.0;2;12.5;25.0;20.0;0.3343;LWFF;First;PSO
130.0;1;3.13;12.5;20.0;0.3337;LWFF;First;PSO
130.0;0;6.25;12.5;20.0;0.3338;LWFF;First;PSO
130.0;3;6.25;12.5;0.0;0.0699;LWFF;First;PSO
130.0;2;12.5;25.0;0.0;0.0704;LWFF;First;PSO
130.0;1;3.13;12.5;0.0;0.0698;LWFF;First;PSO
130.0;0;6.25;12.5;0.0;0.0699;LWFF;First;PSO
140.0;3;6.25;12.5;20.0;0.3338;LWFF;First;PSO
140.0;2;12.5;25.0;20.0;0.3343;LWFF;First;PSO
140.0;1;3.13;12.5;20.0;0.3337;LWFF;First;PSO
140.0;0;6.25;12.5;20.0;0.3338;LWFF;First;PSO
140.0;3;6.25;12.5;0.0;0.0699;LWFF;First;PSO
140.0;2;12.5;25.0;0.0;0.0704;LWFF;First;PSO
140.0;1;3.13;12.5;0.0;0.0698;LWFF;First;PSO
140.0;0;6.25;12.5;0.0;0.0699;LWFF;First;PSO
150.0;3;6.25;12.5;20.0;0.3338;LWFF;First;PSO
150.0;2;12.5;25.0;20.0;0.3343;LWFF;First;PSO
150.0;1;3.13;12.5;20.0;0.3337;LWFF;First;PSO
150.0;0;6.25;12.5;20.0;0.3338;LWFF;First;PSO
172.8;3;6.25;12.5;20.0;0.7612;LWFF;First;PSO
172.8;2;12.5;25.0;20.0;0.7622;LWFF;First;PSO
172.8;1;3.13;12.5;20.0;0.7609;LWFF;First;PSO
172.8;0;6.25;12.5;20.0;0.7612;LWFF;First;PSO
182.8;3;6.25;12.5;20.0;0.3338;LWFF;First;PSO
182.8;2;12.5;25.0;20.0;0.3343;LWFF;First;PSO
182.8;1;3.13;12.5;20.0;0.3337;LWFF;First;PSO
182.8;0;6.25;12.5;20.0;0.3338;LWFF;First;PSO
10.0;3;6.25;12.5;20.0;0.3338;LWFF;First;SJF
10.0;2;12.5;25.0;20.0;0.3343;LWFF;First;SJF
10.0;1;3.13;12.5;20.0;0.3337;LWFF;First;SJF
10.0;0;6.25;12.5;20.0;0.3338;LWFF;First;SJF
10.0;3;6.25;12.5;33.6;0.0704;LWFF;First;SJF
10.0;2;12.5;25.0;81.6;0.0716;LWFF;First;SJF
10.0;1;3.13;12.5;137.6;0.0717;LWFF;First;SJF
10.0;0;6.25;12.5;22.4;0.0702;LWFF;First;SJF
20.0;3;6.25;12.5;20.0;0.3338;LWFF;First;SJF
20.0;2;12.5;25.0;20.0;0.3343;LWFF;First;SJF
20.0;1;3.13;12.5;20.0;0.3337;LWFF;First;SJF
20.0;0;6.25;12.5;20.0;0.3338;LWFF;First;SJF
20.0;3;6.25;12.5;32.8;0.0704;LWFF;First;SJF
20.0;2;12.5;25.0;120.0;0.0721;LWFF;First;SJF
20.0;1;3.13;12.5;178.4;0.0723;LWFF;First;SJF
20.0;0;6.25;12.5;25.6;0.0703;LWFF;First;SJF
30.0;3;6.25;12.5;20.0;0.3338;LWFF;First;SJF
30.0;2;12.5;25.0;20.0;0.3343;LWFF;First;SJF
30.0;1;3.13;12.5;20.0;0.3337;LWFF;First;SJF
30.0;0;6.25;12.5;20.0;0.3338;LWFF;First;SJF
30.0;3;6.25;12.5;23.2;0.0703;LWFF;First;SJF
30.0;2;12.5;25.0;61.6;0.0713;LWFF;First;SJF
30.0;1;3.13;12.5;108.8;0.0713;LWFF;First;SJF
30.0;0;6.25;12.5;24.0;0.0703;LWFF;First;SJF
40.0;3;6.25;12.5;20.0;0.3338;LWFF;First;SJF
40.0;2;12.5;25.0;20.0;0.3343;LWFF;First;SJF
40.0;1;3.13;12.5;20.0;0.3337;LWFF;First;SJF
40.0;0;6.25;12.5;20.0;0.3338;LWFF;First;SJF
40.0;3;6.25;12.5;0.0;0.0699;LWFF;First;SJF
40.0;2;12.5;25.0;0.0;0.0704;LWFF;First;SJF
40.0;1;3.13;12.5;0.0;0.0698;LWFF;First;SJF
40.0;0;6.25;12.5;0.0;0.0699;LWFF;First;SJF
50.0;3;6.25;12.5;20.0;0.3338;LWFF;First;SJF
50.0;2;12.5;25.0;20.0;0.3343;LWFF;First;SJF
50.0;1;3.13;12.5;20.0;0.3337;LWFF;First;SJF
50.0;0;6.25;12.5;20.0;0.3338;LWFF;First;SJF
50.0;3;6.25;12.5;0.0;0.0699;LWFF;First;SJF
50.0;2;12.5;25.0;0.0;0.0704;LWFF;First;SJF
50.0;1;3.13;12.5;0.0;0.0698;LWFF;First;SJF
50.0;0;6.25;12.5;0.0;0.0699;LWFF;First;SJF
60.0;3;6.25;12.5;20.0;0.3338;LWFF;First;SJF
60.0;2;12.5;25.0;20.0;0.3343;LWFF;First;SJF
60.0;1;3.13;12.5;20.0;0.3337;LWFF;First;SJF
60.0;0;6.25;12.5;20.0;0.3338;LWFF;First;SJF
60.0;3;6.25;12.5;0.0;0.0699;LWFF;First;SJF
60.0;2;12.5;25.0;0.0;0.0704;LWFF;First;SJF
60.0;1;3.13;12.5;0.0;0.0698;LWFF;First;SJF
60.0;0;6.25;12.5;0.0;0.0699;LWFF;First;SJF
70.0;3;6.25;12.5;20.0;0.3338;LWFF;First;SJF
70.0;2;12.5;25.0;20.0;0.3343;LWFF;First;SJF
70.0;1;3.13;12.5;20.0;0.3337;LWFF;First;SJF
70.0;0;6.25;12.5;20.0;0.3338;LWFF;First;SJF
70.0;3;6.25;12.5;0.0;0.0699;LWFF;First;SJF
70.0;2;12.5;25.0;0.0;0.0704;LWFF;First;SJF
70.0;1;3.13;12.5;0.0;0.0698;LWFF;First;SJF
70.0;0;6.25;12.5;0.0;0.0699;LWFF;First;SJF
80.0;3;6.25;12.5;20.0;0.3338;LWFF;First;SJF
80.0;2;12.5;25.0;20.0;0.3343;LWFF;First;SJF
80.0;1;3.13;12.5;20.0;0.3337;LWFF;First;SJF
80.0;0;6.25;12.5;20.0;0.3338;LWFF;First;SJF
80.0;3;6.25;12.5;0.0;0.0699;LWFF;First;SJF
80.0;2;12.5;25.0;0.0;0.0704;LWFF;First;SJF
80.0;1;3.13;12.5;0.0;0.0698;LWFF;First;SJF
80.0;0;6.25;12.5;0.0;0.0699;LWFF;First;SJF
90.0;3;6.25;12.5;20.0;0.3338;LWFF;First;SJF
90.0;2;12.5;25.0;20.0;0.3343;LWFF;First;SJF
90.0;1;3.13;12.5;20.0;0.3337;LWFF;First;SJF
90.0;0;6.25;12.5;20.0;0.3338;LWFF;First;SJF
90.0;3;6.25;12.5;0.0;0.0699;LWFF;First;SJF
90.0;2;12.5;25.0;0.0;0.0704;LWFF;First;SJF
90.0;1;3.13;12.5;0.0;0.0698;LWFF;First;SJF
90.0;0;6.25;12.5;0.0;0.0699;LWFF;First;SJF
100.0;3;6.25;12.5;20.0;0.3338;LWFF;First;SJF
100.0;2;12.5;25.0;20.0;0.3343;LWFF;First;SJF
100.0;1;3.13;12.5;20.0;0.3337;LWFF;First;SJF
100.0;0;6.25;12.5;20.0;0.3338;LWFF;First;SJF
100.0;3;6.25;12.5;0.0;0.0699;LWFF;First;SJF
100.0;2;12.5;25.0;0.0;0.0704;LWFF;First;SJF
100.0;1;3.13;12.5;0.0;0.0698;LWFF;First;SJF
100.0;0;6.25;12.5;0.0;0.0699;LWFF;First;SJF
110.0;3;6.25;12.5;20.0;0.3338;LWFF;First;SJF
110.0;2;12.5;25.0;20.0;0.3343;LWFF;First;SJF
110.0;1;3.13;12.5;20.0;0.3337;LWFF;First;SJF
110.0;0;6.25;12.5;20.0;0.3338;LWFF;First;SJF
110.0;3;6.25;12.5;0.0;0.0699;LWFF;First;SJF
110.0;2;12.5;25.0;0.0;0.0704;LWFF;First;SJF
110.0;1;3.13;12.5;0.0;0.0698;LWFF;First;SJF
110.0;0;6.25;12.5;0.0;0.0699;LWFF;First;SJF
120.0;3;6.25;12.5;20.0;0.3338;LWFF;First;SJF
120.0;2;12.5;25.0;20.0;0.3343;LWFF;First;SJF
120.0;1;3.13;12.5;20.0;0.3337;LWFF;First;SJF
120.0;0;6.25;12.5;20.0;0.3338;LWFF;First;SJF
120.0;3;6.25;12.5;0.0;0.0699;LWFF;First;SJF
120.0;2;12.5;25.0;0.0;0.0704;LWFF;First;SJF
120.0;1;3.13;12.5;0.0;0.0698;LWFF;First;SJF
120.0;0;6.25;12.5;0.0;0.0699;LWFF;First;SJF
130.0;3;6.25;12.5;20.0;0.3338;LWFF;First;SJF
130.0;2;12.5;25.0;20.0;0.3343;LWFF;First;SJF
130.0;1;3.13;12.5;20.0;0.3337;LWFF;First;SJF
130.0;0;6.25;12.5;20.0;0.3338;LWFF;First;SJF
130.0;3;6.25;12.5;0.0;0.0699;LWFF;First;SJF
130.0;2;12.5;25.0;0.0;0.0704;LWFF;First;SJF
130.0;1;3.13;12.5;0.0;0.0698;LWFF;First;SJF
130.0;0;6.25;12.5;0.0;0.0699;LWFF;First;SJF
140.0;3;6.25;12.5;20.0;0.3338;LWFF;First;SJF
140.0;2;12.5;25.0;20.0;0.3343;LWFF;First;SJF
140.0;1;3.13;12.5;20.0;0.3337;LWFF;First;SJF
140.0;0;6.25;12.5;20.0;0.3338;LWFF;First;SJF
140.0;3;6.25;12.5;0.0;0.0699;LWFF;First;SJF
140.0;2;12.5;25.0;0.0;0.0704;LWFF;First;SJF
140.0;1;3.13;12.5;0.0;0.0698;LWFF;First;SJF
140.0;0;6.25;12.5;0.0;0.0699;LWFF;First;SJF
150.0;3;6.25;12.5;20.0;0.3338;LWFF;First;SJF
150.0;2;12.5;25.0;20.0;0.3343;LWFF;First;SJF
150.0;1;3.13;12.5;20.0;0.3337;LWFF;First;SJF
150.0;0;6.25;12.5;20.0;0.3338;LWFF;First;SJF
150.0;3;6.25;12.5;0.0;0.0699;LWFF;First;SJF
150.0;2;12.5;25.0;0.0;0.0704;LWFF;First;SJF
150.0;1;3.13;12.5;0.0;0.0698;LWFF;First;SJF
150.0;0;6.25;12.5;0.0;0.0699;LWFF;First;SJF
160.0;3;6.25;12.5;20.0;0.3338;LWFF;First;SJF
160.0;2;12.5;25.0;20.0;0.3343;LWFF;First;SJF
160.0;1;3.13;12.5;20.0;0.3337;LWFF;First;SJF
160.0;0;6.25;12.5;20.0;0.3338;LWFF;First;SJF
160.0;3;6.25;12.5;0.0;0.0699;LWFF;First;SJF
160.0;2;12.5;25.0;0.0;0.0704;LWFF;First;SJF
160.0;1;3.13;12.5;0.0;0.0698;LWFF;First;SJF
160.0;0;6.25;12.5;0.0;0.0699;LWFF;First;SJF
170.0;3;6.25;12.5;20.0;0.3338;LWFF;First;SJF
170.0;2;12.5;25.0;20.0;0.3343;LWFF;First;SJF
170.0;1;3.13;12.5;20.0;0.3337;LWFF;First;SJF
170.0;0;6.25;12.5;20.0;0.3338;LWFF;First;SJF
182.8;3;6.25;12.5;20.0;0.4274;LWFF;First;SJF
182.8;2;12.5;25.0;20.0;0.4279;LWFF;First;SJF
182.8;1;3.13;12.5;20.0;0.4272;LWFF;First;SJF
182.8;0;6.25;12.5;20.0;0.4274;LWFF;First;SJF
192.8;3;6.25;12.5;20.0;0.3338;LWFF;First;SJF
192.8;2;12.5;25.0;20.0;0.3343;LWFF;First;SJF
192.8;1;3.13;12.5;20.0;0.3337;LWFF;First;SJF
192.8;0;6.25;12.5;20.0;0.3338;LWFF;First;SJF
10.0;3;28.13;62.5;80.0;0.3356;MFF;BLA;Priority
10.0;2;0.0;0.0;0.0;0.0;MFF;BLA;Priority
10.0;1;0.0;0.0;0.0;0.0;MFF;BLA;Priority
10.0;0;0.0;0.0;0.0;0.0;MFF;BLA;Priority
10.0;3;28.13;62.5;0.0;0.0718;MFF;BLA;Priority
20.0;3;28.13;62.5;80.0;0.3356;MFF;BLA;Priority
20.0;2;0.0;0.0;0.0;0.0;MFF;BLA;Priority
20.0;1;0.0;0.0;0.0;0.0;MFF;BLA;Priority
20.0;0;0.0;0.0;0.0;0.0;MFF;BLA;Priority
20.0;3;28.13;62.5;0.0;0.0718;MFF;BLA;Priority
30.0;3;28.13;62.5;80.0;0.3356;MFF;BLA;Priority
30.0;2;0.0;0.0;0.0;0.0;MFF;BLA;Priority
30.0;1;0.0;0.0;0.0;0.0;MFF;BLA;Priority
30.0;0;0.0;0.0;0.0;0.0;MFF;BLA;Priority
30.0;3;28.13;62.5;0.0;0.0718;MFF;BLA;Priority
40.0;3;28.13;62.5;80.0;0.3356;MFF;BLA;Priority
40.0;2;0.0;0.0;0.0;0.0;MFF;BLA;Priority
40.0;1;0.0;0.0;0.0;0.0;MFF;BLA;Priority
40.0;0;0.0;0.0;0.0;0.0;MFF;BLA;Priority
40.0;3;28.13;62.5;0.0;0.0718;MFF;BLA;Priority
50.0;3;28.13;62.5;80.0;0.3356;MFF;BLA;Priority
50.0;2;0.0;0.0;0.0;0.0;MFF;BLA;Priority
50.0;1;0.0;0.0;0.0;0.0;MFF;BLA;Priority
50.0;0;0.0;0.0;0.0;0.0;MFF;BLA;Priority
50.0;3;28.13;62.5;0.0;0.0718;MFF;BLA;Priority
60.0;3;28.13;62.5;80.0;0.3356;MFF;BLA;Priority
60.0;2;0.0;0.0;0.0;0.0;MFF;BLA;Priority
60.0;1;0.0;0.0;0.0;0.0;MFF;BLA;Priority
60.0;0;0.0;0.0;0.0;0.0;MFF;BLA;Priority
60.0;3;28.13;62.5;0.0;0.0718;MFF;BLA;Priority
70.0;3;28.13;62.5;0.0;0.0718;MFF;BLA;Priority
72.5;3;28.13;62.5;80.0;0.4195;MFF;BLA;Priority
72.5;2;0.0;0.0;0.0;0.0;MFF;BLA;Priority
72.5;1;0.0;0.0;0.0;0.0;MFF;BLA;Priority
72.5;0;0.0;0.0;0.0;0.0;MFF;BLA;Priority
82.5;3;28.13;62.5;80.0;0.3356;MFF;BLA;Priority
82.5;2;0.0;0.0;0.0;0.0;MFF;BLA;Priority
82.5;1;0.0;0.0;0.0;0.0;MFF;BLA;Priority
82.5;0;0.0;0.0;0.0;0.0;MFF;BLA;Priority
10.0;3;28.13;62.5;80.0;0.3356;MFF;BLA;PSO
10.0;2;0.0;0.0;0.0;0.0;MFF;BLA;PSO
10.0;1;0.0;0.0;0.0;0.0;MFF;BLA;PSO
10.0;0;0.0;0.0;0.0;0.0;MFF;BLA;PSO
10.0;3;28.13;62.5;0.0;0.0718;MFF;BLA;PSO
20.0;3;28.13;62.5;80.0;0.3356;MFF;BLA;PSO
20.0;2;0.0;0.0;0.0;0.0;MFF;BLA;PSO
20.0;1;0.0;0.0;0.0;0.0;MFF;BLA;PSO
20.0;0;0.0;0.0;0.0;0.0;MFF;BLA;PSO
20.0;3;28.13;62.5;0.0;0.0718;MFF;BLA;PSO
30.0;3;28.13;62.5;80.0;0.3356;MFF;BLA;PSO
30.0;2;0.0;0.0;0.0;0.0;MFF;BLA;PSO
30.0;1;0.0;0.0;0.0;0.0;MFF;BLA;PSO
30.0;0;0.0;0.0;0.0;0.0;MFF;BLA;PSO
30.0;3;28.13;62.5;0.0;0.0718;MFF;BLA;PSO
40.0;3;28.13;62.5;80.0;0.3356;MFF;BLA;PSO
40.0;2;0.0;0.0;0.0;0.0;MFF;BLA;PSO
40.0;1;0.0;0.0;0.0;0.0;MFF;BLA;PSO
40.0;0;0.0;0.0;0.0;0.0;MFF;BLA;PSO
40.0;3;28.13;62.5;0.0;0.0718;MFF;BLA;PSO
50.0;3;28.13;62.5;80.0;0.3356;MFF;BLA;PSO
50.0;2;0.0;0.0;0.0;0.0;MFF;BLA;PSO
50.0;1;0.0;0.0;0.0;0.0;MFF;BLA;PSO
50.0;0;0.0;0.0;0.0;0.0;MFF;BLA;PSO
50.0;3;28.13;62.5;0.0;0.0718;MFF;BLA;PSO
60.0;3;28.13;62.5;80.0;0.3356;MFF;BLA;PSO
60.0;2;0.0;0.0;0.0;0.0;MFF;BLA;PSO
60.0;1;0.0;0.0;0.0;0.0;MFF;BLA;PSO
60.0;0;0.0;0.0;0.0;0.0;MFF;BLA;PSO
70.0;3;28.13;62.5;80.0;0.3356;MFF;BLA;PSO
70.0;2;0.0;0.0;0.0;0.0;MFF;BLA;PSO
70.0;1;0.0;0.0;0.0;0.0;MFF;BLA;PSO
70.0;0;0.0;0.0;0.0;0.0;MFF;BLA;PSO
10.0;3;28.13;62.5;80.0;0.3356;MFF;BLA;SJF
10.0;2;0.0;0.0;0.0;0.0;MFF;BLA;SJF
10.0;1;0.0;0.0;0.0;0.0;MFF;BLA;SJF
10.0;0;0.0;0.0;0.0;0.0;MFF;BLA;SJF
10.0;3;28.13;62.5;0.0;0.0718;MFF;BLA;SJF
20.0;3;28.13;62.5;80.0;0.3356;MFF;BLA;SJF
20.0;2;0.0;0.0;0.0;0.0;MFF;BLA;SJF
20.0;1;0.0;0.0;0.0;0.0;MFF;BLA;SJF
20.0;0;0.0;0.0;0.0;0.0;MFF;BLA;SJF
20.0;3;28.13;62.5;0.0;0.0718;MFF;BLA;SJF
30.0;3;28.13;62.5;80.0;0.3356;MFF;BLA;SJF
30.0;2;0.0;0.0;0.0;0.0;MFF;BLA;SJF
30.0;1;0.0;0.0;0.0;0.0;MFF;BLA;SJF
30.0;0;0.0;0.0;0.0;0.0;MFF;BLA;SJF
30.0;3;28.13;62.5;0.0;0.0718;MFF;BLA;SJF
40.0;3;28.13;62.5;80.0;0.3356;MFF;BLA;SJF
40.0;2;0.0;0.0;0.0;0.0;MFF;BLA;SJF
40.0;1;0.0;0.0;0.0;0.0;MFF;BLA;SJF
40.0;0;0.0;0.0;0.0;0.0;MFF;BLA;SJF
40.0;3;28.13;62.5;0.0;0.0718;MFF;BLA;SJF
50.0;3;28.13;62.5;80.0;0.3356;MFF;BLA;SJF
50.0;2;0.0;0.0;0.0;0.0;MFF;BLA;SJF
50.0;1;0.0;0.0;0.0;0.0;MFF;BLA;SJF
50.0;0;0.0;0.0;0.0;0.0;MFF;BLA;SJF
50.0;3;28.13;62.5;0.0;0.0718;MFF;BLA;SJF
60.0;3;28.13;62.5;80.0;0.3356;MFF;BLA;SJF
60.0;2;0.0;0.0;0.0;0.0;MFF;BLA;SJF
60.0;1;0.0;0.0;0.0;0.0;MFF;BLA;SJF
60.0;0;0.0;0.0;0.0;0.0;MFF;BLA;SJF
60.0;3;28.13;62.5;0.0;0.0718;MFF;BLA;SJF
70.0;3;28.13;62.5;0.0;0.0718;MFF;BLA;SJF
72.5;3;28.13;62.5;80.0;0.4195;MFF;BLA;SJF
72.5;2;0.0;0.0;0.0;0.0;MFF;BLA;SJF
72.5;1;0.0;0.0;0.0;0.0;MFF;BLA;SJF
72.5;0;0.0;0.0;0.0;0.0;MFF;BLA;SJF
82.5;3;28.13;62.5;80.0;0.3356;MFF;BLA;SJF
82.5;2;0.0;0.0;0.0;0.0;MFF;BLA;SJF
82.5;1;0.0;0.0;0.0;0.0;MFF;BLA;SJF
82.5;0;0.0;0.0;0.0;0.0;MFF;BLA;SJF
10.0;3;28.13;62.5;80.0;0.3356;MFF;First;Priority
10.0;2;0.0;0.0;0.0;0.0;MFF;First;Priority
10.0;1;0.0;0.0;0.0;0.0;MFF;First;Priority
10.0;0;0.0;0.0;0.0;0.0;MFF;First;Priority
10.0;3;28.13;62.5;0.0;0.0718;MFF;First;Priority
20.0;3;28.13;62.5;80.0;0.3356;MFF;First;Priority
20.0;2;0.0;0.0;0.0;0.0;MFF;First;Priority
20.0;1;0.0;0.0;0.0;0.0;MFF;First;Priority
20.0;0;0.0;0.0;0.0;0.0;MFF;First;Priority
20.0;3;28.13;62.5;0.0;0.0718;MFF;First;Priority
30.0;3;28.13;62.5;80.0;0.3356;MFF;First;Priority
30.0;2;0.0;0.0;0.0;0.0;MFF;First;Priority
30.0;1;0.0;0.0;0.0;0.0;MFF;First;Priority
30.0;0;0.0;0.0;0.0;0.0;MFF;First;Priority
30.0;3;28.13;62.5;0.0;0.0718;MFF;First;Priority
40.0;3;28.13;62.5;80.0;0.3356;MFF;First;Priority
40.0;2;0.0;0.0;0.0;0.0;MFF;First;Priority
40.0;1;0.0;0.0;0.0;0.0;MFF;First;Priority
40.0;0;0.0;0.0;0.0;0.0;MFF;First;Priority
40.0;3;28.13;62.5;0.0;0.0718;MFF;First;Priority
50.0;3;28.13;62.5;80.0;0.3356;MFF;First;Priority
50.0;2;0.0;0.0;0.0;0.0;MFF;First;Priority
50.0;1;0.0;0.0;0.0;0.0;MFF;First;Priority
50.0;0;0.0;0.0;0.0;0.0;MFF;First;Priority
50.0;3;28.13;62.5;0.0;0.0718;MFF;First;Priority
60.0;3;28.13;62.5;80.0;0.3356;MFF;First;Priority
60.0;2;0.0;0.0;0.0;0.0;MFF;First;Priority
60.0;1;0.0;0.0;0.0;0.0;MFF;First;Priority
60.0;0;0.0;0.0;0.0;0.0;MFF;First;Priority
60.0;3;28.13;62.5;0.0;0.0718;MFF;First;Priority
70.0;3;28.13;62.5;0.0;0.0718;MFF;First;Priority
72.5;3;28.13;62.5;80.0;0.4195;MFF;First;Priority
72.5;2;0.0;0.0;0.0;0.0;MFF;First;Priority
72.5;1;0.0;0.0;0.0;0.0;MFF;First;Priority
72.5;0;0.0;0.0;0.0;0.0;MFF;First;Priority
82.5;3;28.13;62.5;80.0;0.3356;MFF;First;Priority
82.5;2;0.0;0.0;0.0;0.0;MFF;First;Priority
82.5;1;0.0;0.0;0.0;0.0;MFF;First;Priority
82.5;0;0.0;0.0;0.0;0.0;MFF;First;Priority
10.0;3;28.13;62.5;80.0;0.3356;MFF;First;PSO
10.0;2;0.0;0.0;0.0;0.0;MFF;First;PSO
10.0;1;0.0;0.0;0.0;0.0;MFF;First;PSO
10.0;0;0.0;0.0;0.0;0.0;MFF;First;PSO
10.0;3;28.13;62.5;0.0;0.0718;MFF;First;PSO
20.0;3;28.13;62.5;80.0;0.3356;MFF;First;PSO
20.0;2;0.0;0.0;0.0;0.0;MFF;First;PSO
20.0;1;0.0;0.0;0.0;0.0;MFF;First;PSO
20.0;0;0.0;0.0;0.0;0.0;MFF;First;PSO
20.0;3;28.13;62.5;0.0;0.0718;MFF;First;PSO
30.0;3;28.13;62.5;80.0;0.3356;MFF;First;PSO
30.0;2;0.0;0.0;0.0;0.0;MFF;First;PSO
30.0;1;0.0;0.0;0.0;0.0;MFF;First;PSO
30.0;0;0.0;0.0;0.0;0.0;MFF;First;PSO
30.0;3;28.13;62.5;0.0;0.0718;MFF;First;PSO
40.0;3;28.13;62.5;80.0;0.3356;MFF;First;PSO
40.0;2;0.0;0.0;0.0;0.0;MFF;First;PSO
40.0;1;0.0;0.0;0.0;0.0;MFF;First;PSO
40.0;0;0.0;0.0;0.0;0.0;MFF;First;PSO
40.0;3;28.13;62.5;0.0;0.0718;MFF;First;PSO
50.0;3;28.13;62.5;80.0;0.3356;MFF;First;PSO
50.0;2;0.0;0.0;0.0;0.0;MFF;First;PSO
50.0;1;0.0;0.0;0.0;0.0;MFF;First;PSO
50.0;0;0.0;0.0;0.0;0.0;MFF;First;PSO
50.0;3;28.13;62.5;0.0;0.0718;MFF;First;PSO
60.0;3;28.13;62.5;80.0;0.3356;MFF;First;PSO
60.0;2;0.0;0.0;0.0;0.0;MFF;First;PSO
60.0;1;0.0;0.0;0.0;0.0;MFF;First;PSO
60.0;0;0.0;0.0;0.0;0.0;MFF;First;PSO
70.0;3;28.13;62.5;80.0;0.3356;MFF;First;PSO
70.0;2;0.0;0.0;0.0;0.0;MFF;First;PSO
70.0;1;0.0;0.0;0.0;0.0;MFF;First;PSO
70.0;0;0.0;0.0;0.0;0.0;MFF;First;PSO
10.0;3;28.13;62.5;80.0;0.3356;MFF;First;SJF
10.0;2;0.0;0.0;0.0;0.0;MFF;First;SJF
10.0;1;0.0;0.0;0.0;0.0;MFF;First;SJF
10.0;0;0.0;0.0;0.0;0.0;MFF;First;SJF
10.0;3;28.13;62.5;0.0;0.0718;MFF;First;SJF
20.0;3;28.13;62.5;80.0;0.3356;MFF;First;SJF
20.0;2;0.0;0.0;0.0;0.0;MFF;First;SJF
20.0;1;0.0;0.0;0.0;0.0;MFF;First;SJF
20.0;0;0.0;0.0;0.0;0.0;MFF;First;SJF
20.0;3;28.13;62.5;0.0;0.0718;MFF;First;SJF
30.0;3;28.13;62.5;80.0;0.3356;MFF;First;SJF
30.0;2;0.0;0.0;0.0;0.0;MFF;First;SJF
30.0;1;0.0;0.0;0.0;0.0;MFF;First;SJF
30.0;0;0.0;0.0;0.0;0.0;MFF;First;SJF
30.0;3;28.13;62.5;0.0;0.0718;MFF;First;SJF
40.0;3;28.13;62.5;80.0;0.3356;MFF;First;SJF
40.0;2;0.0;0.0;0.0;0.0;MFF;First;SJF
40.0;1;0.0;0.0;0.0;0.0;MFF;First;SJF
40.0;0;0.0;0.0;0.0;0.0;MFF;First;SJF
40.0;3;28.13;62.5;0.0;0.0718;MFF;First;SJF
50.0;3;28.13;62.5;80.0;0.3356;MFF;First;SJF
50.0;2;0.0;0.0;0.0;0.0;MFF;First;SJF
50.0;1;0.0;0.0;0.0;0.0;MFF;First;SJF
50.0;0;0.0;0.0;0.0;0.0;MFF;First;SJF
50.0;3;28.13;62.5;0.0;0.0718;MFF;First;SJF
60.0;3;28.13;62.5;80.0;0.3356;MFF;First;SJF
60.0;2;0.0;0.0;0.0;0.0;MFF;First;SJF
60.0;1;0.0;0.0;0.0;0.0;MFF;First;SJF
60.0;0;0.0;0.0;0.0;0.0;MFF;First;SJF
60.0;3;28.13;62.5;0.0;0.0718;MFF;First;SJF
70.0;3;28.13;62.5;0.0;0.0718;MFF;First;SJF
72.5;3;28.13;62.5;80.0;0.4195;MFF;First;SJF
72.5;2;0.0;0.0;0.0;0.0;MFF;First;SJF
72.5;1;0.0;0.0;0.0;0.0;MFF;First;SJF
72.5;0;0.0;0.0;0.0;0.0;MFF;First;SJF
82.5;3;28.13;62.5;80.0;0.3356;MFF;First;SJF
82.5;2;0.0;0.0;0.0;0.0;MFF;First;SJF
82.5;1;0.0;0.0;0.0;0.0;MFF;First;SJF
82.5;0;0.0;0.0;0.0;0.0;MFF;First;SJF
